Kick_Time,x,y,vx,vy,vector_x,vector_y,x_wall,y_wall,tangent_x,tangent_y,radius_x,radius_y,wall_distance
0.8,-0.0762,0.2032,0.0,0.0,,,-0.08778086039709793,0.2340822943922611,-0.9363291775690445,-0.35112344158839176,-0.35112344158839176,0.9363291775690444,0.03298230486893469
1.28,-0.1595,0.127,-0.0833,-0.0762,,,-0.19557556861608857,0.15572474742472256,-0.6228989896988902,-0.7823022744643543,-0.7823022744643543,0.6228989896988901,0.046114615531176434
2.2,-0.2053,0.0475,-0.0458,-0.0795,,,-0.24356576694829438,0.05635350185116406,-0.22541400740465625,-0.9742630677931775,-0.9742630677931775,0.22541400740465622,0.03927662683033947
3.32,-0.1582,-0.1152,0.0471,-0.1627,,,-0.20209559750441405,-0.14716443004114094,0.5886577201645639,-0.8083823900176563,-0.8083823900176563,-0.5886577201645637,0.05430053653624903
3.68,-0.0445,-0.1482,0.1137,-0.033,,,-0.0718962589608837,-0.23943877703377445,0.9577551081350978,-0.2875850358435348,-0.28758503584353484,-0.9577551081350977,0.09526315887934123
4.08,0.0366,-0.1543,0.0811,-0.0061,,,0.05769908637909691,-0.243250519898761,0.973002079595044,0.23079634551638764,0.2307963455163876,-0.9730020795950439,0.09141863287258495
5.08,0.2027,-0.0567,0.1661,0.0976,,,0.24075826707913944,-0.06734580041138237,0.26938320164552954,0.9630330683165579,0.963033068316558,-0.2693832016455295,0.039519169518932196
5.64,0.2002,0.0227,-0.0025,0.0794,,,0.24840826627160048,0.02816617204977688,-0.11266468819910753,0.993633065086402,0.9936330650864018,0.1126646881991075,0.048517171947582594
7.72,0.0483,0.2022,-0.1519,0.1795,,,0.0580839527487892,0.24315890778064542,-0.9726356311225817,0.2323358109951568,0.23233581099515693,0.9726356311225818,0.042111255715947926
8.84,-0.1271,0.1635,-0.1754,-0.0387,,,-0.15343500323078477,0.1973770497894045,-0.789508199157618,-0.6137400129231391,-0.613740012923139,0.7895081991576182,0.042909053795198465
10.4,-0.2037,0.0605,-0.0766,-0.103,,,-0.23965318871635766,0.0711782911995073,-0.2847131647980293,-0.9586127548654307,-0.9586127548654307,0.2847131647980292,0.03750543536363102
11.0,-0.203,0.059,0.0007,-0.0015,,,-0.24006611772932265,0.06977291106418737,-0.2790916442567495,-0.9602644709172906,-0.9602644709172905,0.2790916442567496,0.0385999053926418
11.56,-0.2022,0.0585,0.0008,-0.0005,,,-0.24015108119393314,0.06947991221486197,-0.2779196488594479,-0.9606043247757327,-0.9606043247757325,0.27791964885944787,0.039507506072069154
12.16,-0.2029,0.0344,-0.0007,-0.0241,,,-0.2464826037095834,0.04178906637560211,-0.16715626550240845,-0.9859304148383335,-0.9859304148383334,0.1671562655024084,0.044204543296019305
12.68,-0.1495,-0.0592,0.0534,-0.0936,,,-0.23243945802576046,-0.09204291582023426,0.3681716632809371,-0.929757832103042,-0.929757832103042,-0.36817166328093714,0.08920544163436375
13.92,-0.0146,-0.0942,0.1349,-0.035,,,-0.038290177516404844,-0.24705032342776279,0.9882012937110513,-0.1531607100656194,-0.15316071006561938,-0.9882012937110513,0.1546752917654609
14.64,0.118,-0.0034,0.1326,0.0908,,,0.24989628692402927,-0.007200401487641521,0.02880160595056609,0.9995851476961172,0.9995851476961172,-0.02880160595056609,0.13195102711162626
15.48,0.1446,0.1356,0.0266,0.139,,,0.18236070210240146,0.1710104509342022,-0.6840418037368089,0.729442808409606,0.7294428084096058,0.6840418037368089,0.05176650131725968
16.84,-0.073,0.2189,-0.2176,0.0833,,,-0.07908944327277195,0.2371599881152025,-0.94863995246081,-0.3163577730910878,-0.3163577730910878,0.9486399524608101,0.019248596970679294
17.4,-0.0823,0.2136,-0.0093,-0.0053,,,-0.08988380576386511,0.23328287862893787,-0.9331315145157516,-0.3595352230554605,-0.3595352230554607,0.9331315145157515,0.021093359641971038
17.92,-0.131,0.1896,-0.0487,-0.024,,,-0.14211063763893586,0.2056807396667346,-0.8227229586669386,-0.5684425505557436,-0.5684425505557439,0.8227229586669381,0.019545752913946057
19.04,-0.2374,0.0392,-0.1064,-0.1504,,,-0.2466599810957235,0.04072902804950447,-0.16291611219801788,-0.986639924382894,-0.9866399243828942,0.16291611219801785,0.009385370353338668
20.08,-0.1905,-0.102,0.0469,-0.1412,,,-0.22039578605427196,-0.11800719253299599,0.47202877013198397,-0.8815831442170878,-0.8815831442170879,-0.4720287701319838,0.033911476473182406
21.24,-0.0402,-0.174,0.1503,-0.072,,,-0.05627621908542333,-0.2435836348473547,0.9743345393894188,-0.22510487634169332,-0.2251048763416933,-0.9743345393894188,0.07141657411730506
22.88,0.1838,-0.0732,0.224,0.1008,,,0.23225834789432012,-0.09249897206672597,0.36999588826690394,0.9290333915772806,0.9290333915772806,-0.3699958882669039,0.05215996360695846
23.44,0.2168,-0.0347,0.033,0.0385,,,0.24685802599278253,-0.03951094788722119,0.15804379154888476,0.9874321039711301,0.9874321039711301,-0.15804379154888468,0.030440600292312714
25.16,0.2052,0.08,-0.0116,0.1147,,,0.23292439609775534,0.09080873142212684,-0.3632349256885074,0.9316975843910215,0.9316975843910215,0.36323492568850724,0.029756861627881798
25.88,0.1982,0.0514,-0.007,-0.0286,,,0.24199482973726957,0.06275748864024046,-0.25102995456096183,0.9679793189490783,0.9679793189490782,0.25102995456096194,0.04524355931985927
27.2,0.1721,0.1336,-0.0261,0.0822,,,0.19748007985898297,0.153302374602906,-0.613209498411624,0.7899203194359319,0.7899203194359319,0.6132094984116236,0.03212992403728318
28.2,0.0395,0.1968,-0.1326,0.0632,,,0.04919668384981823,0.2451115792821323,-0.9804463171285293,0.1967867353992729,0.196786735399273,0.9804463171285293,0.049275088740834166
29.36,-0.1253,0.1926,-0.1648,-0.0042,,,-0.1363312132111141,0.20955619843942996,-0.8382247937577199,-0.5453248528444564,-0.5453248528444568,0.8382247937577195,0.020228700660852778
30.04,-0.1268,0.134,-0.0015,-0.0586,,,-0.1718308876876852,0.18158784661001437,-0.7263513864400576,-0.6873235507507409,-0.6873235507507407,0.7263513864400576,0.06551628798183834
30.96,-0.0444,0.0899,0.0824,-0.0441,,,-0.11070497687998354,0.2241526446286153,-0.8966105785144614,-0.4428199075199342,-0.4428199075199342,0.8966105785144612,0.14973350509766487
32.68,0.0916,0.1742,0.136,0.0843,,,0.11635283648863069,0.22127362572401163,-0.8850945028960465,0.46541134595452277,0.4654113459545227,0.8850945028960464,0.053184858306074445
33.64,0.1114,0.1918,0.0198,0.0176,,,0.12556106955423793,0.21618144650361612,-0.8647257860144645,0.5022442782169517,0.5022442782169516,0.8647257860144645,0.028195581649057333
34.88,0.0759,0.17,-0.0355,-0.0218,,,0.10192070773517198,0.22828090006560262,-0.9131236002624106,0.40768283094068797,0.4076828309406879,0.9131236002624105,0.06382586108699198
35.32,0.0302,0.1841,-0.0457,0.0141,,,0.040469428220461796,0.24670270646976877,-0.9868108258790751,0.16187771288184719,0.16187771288184716,0.986810825879075,0.06343942002663047
36.0,-0.0678,0.1479,-0.098,-0.0362,,,-0.10417955013117192,0.22725893015339715,-0.9090357206135886,-0.41671820052468767,-0.4167182005246876,0.9090357206135885,0.08730012292567643
36.6,-0.1378,0.0958,-0.07,-0.0521,,,-0.2052687975307509,0.14270501308741607,-0.5708200523496644,-0.8210751901230037,-0.8210751901230036,0.5708200523496643,0.08217127778595226
37.08,-0.149,0.0176,-0.0112,-0.0782,,,-0.2482739753629512,0.02932632192206672,-0.1173052876882669,-0.9930959014518049,-0.9930959014518049,0.1173052876882669,0.09996413762036757
39.28,-0.1177,-0.1415,0.0313,-0.1591,,,-0.15987234972969375,-0.192199978646998,0.768799914587992,-0.639489398918775,-0.6394893989187749,-0.7687999145879921,0.06594690983305931
40.08,-0.0829,-0.192,0.0348,-0.0505,,,-0.09909984453084397,-0.22951954342487385,0.9180781736994954,-0.3963993781233759,-0.39639937812337595,-0.9180781736994954,0.04086748220326902
41.92,0.0068,-0.1827,0.0897,0.0093,,,0.009298433089133789,-0.24982701843893287,0.9993080737557315,0.037193732356535156,0.03719373235653514,-0.9993080737557314,0.06717349754480342
42.44,0.0539,-0.1858,0.0471,-0.0031,,,0.06965256842032157,-0.24010106145632182,0.9604042458252873,0.27861027368128627,0.27861027368128627,-0.9604042458252873,0.05653979737424031
43.28,0.1332,-0.1325,0.0793,0.0533,,,0.1772418072787027,-0.17631035633955036,0.7052414253582014,0.7089672291148108,0.7089672291148107,-0.7052414253582014,0.06212107622194554
44.0,0.1512,-0.0299,0.018,0.1026,,,0.24525065107860508,-0.04849864065641728,0.19399456262566914,0.9810026043144204,0.9810026043144205,-0.19399456262566916,0.09587196880515211
44.68,0.1227,0.0642,-0.0285,0.0941,,,0.22151086341569962,0.11590054956224868,-0.4636021982489948,0.8860434536627986,0.8860434536627985,0.46360219824899473,0.11151920710798915
45.12,0.055,0.1095,-0.0677,0.0453,,,0.11221125364744297,0.2234024049890001,-0.8936096199560004,0.4488450145897719,0.44884501458977183,0.8936096199560003,0.1274632708123805
46.32,-0.0997,0.1041,-0.1547,-0.0054,,,-0.17291982694541683,0.18055119343047032,-0.7222047737218813,-0.6916793077816673,-0.6916793077816673,0.7222047737218812,0.10585805606971996
46.88,-0.1341,0.1067,-0.0344,0.0026,,,-0.19562926308558157,0.15565728837607423,-0.6226291535042968,-0.782517052342326,-0.782517052342326,0.6226291535042968,0.07862993260198561
47.24,-0.1429,0.1069,-0.0088,0.0002,,,-0.20018476327486331,0.14975333235887256,-0.5990133294354902,-0.8007390530994533,-0.8007390530994531,0.5990133294354902,0.07153986439543425
48.24,-0.1641,0.0334,-0.0212,-0.0735,,,-0.24497724460352047,0.04986130389858369,-0.19944521559433476,-0.9799089784140819,-0.9799089784140818,0.19944521559433473,0.08253546644139842
48.84,-0.147,-0.0375,0.0171,-0.0709,,,-0.24224202878187465,-0.061796435913743536,0.24718574365497414,-0.9689681151274986,-0.9689681151274985,-0.24718574365497414,0.09829222168919619
49.52,-0.099,-0.1195,0.048,-0.082,,,-0.15949081969696458,-0.19251669650290165,0.7700667860116066,-0.6379632787878583,-0.6379632787878583,-0.7700667860116065,0.09481865447161505
50.2,-0.0324,-0.1726,0.0666,-0.0531,,,-0.04612370362540181,-0.24570837178223312,0.9828334871289325,-0.18449481450160723,-0.18449481450160723,-0.9828334871289325,0.07438530813169417
50.84,0.0772,-0.1843,0.1096,-0.0117,,,0.09658898737575744,-0.23058744006932763,0.9223497602773106,0.3863559495030298,0.38635594950302987,-0.9223497602773105,0.05018425987925776
51.68,0.1853,-0.0968,0.1081,0.0875,,,0.22158647956698166,-0.1157559159313752,0.46302366372550086,0.8863459182679267,0.8863459182679269,-0.46302366372550086,0.040939410696324674
52.6,0.1817,0.029,-0.0036,0.1258,,,0.24687540105618166,0.039402237923111004,-0.15760895169244404,0.9875016042247268,0.9875016042247268,0.15760895169244407,0.06600029891328626
53.0,0.1514,0.0603,-0.0303,0.0313,,,0.2322564543314551,0.09250372652699301,-0.37001490610797205,0.9290258173258203,0.9290258173258203,0.3700149061079721,0.08703359241856007
54.28,0.009,0.1292,-0.1424,0.0689,,,0.017372761566292534,0.24939564381833287,-0.9975825752733315,0.06949104626517014,0.06949104626517012,0.9975825752733314,0.12048691185829905
54.84,-0.0252,0.1339,-0.0342,0.0047,,,-0.046238298603576214,0.24568683265947835,-0.9827473306379135,-0.18495319441430488,-0.18495319441430486,0.9827473306379135,0.11374931192834292
55.44,-0.0978,0.1104,-0.0726,-0.0235,,,-0.16577509426437254,0.18713262174628556,-0.7485304869851424,-0.6631003770574903,-0.6631003770574901,0.7485304869851422,0.10251101736061774
56.6,-0.1462,-0.0452,-0.0484,-0.1556,,,-0.2388456314332191,-0.073842835436262,0.295371341745048,-0.9553825257328764,-0.9553825257328763,-0.295371341745048,0.09697229009097733
57.32,-0.1687,-0.0695,-0.0225,-0.0243,,,-0.2311524947848397,-0.09522879897774963,0.38091519591099854,-0.9246099791393588,-0.9246099791393588,-0.3809151959109986,0.06754469040337577
58.56,-0.142,-0.156,0.0267,-0.0865,,,-0.1682861394146919,-0.18487773062459112,0.7395109224983646,-0.6731445576587677,-0.6731445576587675,-0.7395109224983645,0.03904976890271014
59.12,-0.1297,-0.1655,0.0123,-0.0095,,,-0.15420847209558572,-0.19677333948974124,0.787093357958965,-0.6168338883823429,-0.6168338883823427,-0.7870933579589652,0.03973269393460141
59.6,-0.1196,-0.1784,0.0101,-0.0129,,,-0.13921180733774072,-0.2076537326843892,0.8306149307375568,-0.5568472293509629,-0.5568472293509626,-0.830614930737557,0.035219367726044726
60.24,-0.0993,-0.2007,0.0203,-0.0223,,,-0.11086458820504572,-0.22407374474071173,0.8962949789628469,-0.44345835282018287,-0.44345835282018276,-0.896294978962847,0.026078183287112477
61.12,-0.0741,-0.2114,0.0252,-0.0107,,,-0.08269696214191163,-0.23592628605668176,0.9437051442267271,-0.3307878485676466,-0.3307878485676468,-0.9437051442267269,0.025989352931607285
62.6,0.0903,-0.1658,0.1644,0.0456,,,0.11957384273729525,-0.21954975776127963,0.8781990310451186,0.47829537094918106,0.4782953709491811,-0.8781990310451185,0.061204528656008256
63.28,0.1677,-0.0325,0.0774,0.1333,,,0.24543350565695332,-0.047564632879254526,0.1902585315170181,0.9817340226278133,0.9817340226278134,-0.19025853151701813,0.07917980213101264
64.64,0.0324,0.1783,-0.1353,0.2108,,,0.044697079437109974,0.24597189085298485,-0.9838875634119394,0.1787883177484399,0.17878831774843984,0.9838875634119393,0.06878010594860179
65.52,0.0095,0.2114,-0.0229,0.0331,,,0.011223299462444228,0.24974794803796949,-0.9989917921518779,0.04489319784977691,0.044893197849776884,0.9989917921518779,0.038386649759520136
67.2,-0.1624,0.0857,-0.1719,-0.1257,,,-0.2211024324082382,0.11667782301346068,-0.4667112920538427,-0.8844097296329528,-0.884409729632953,0.46671129205384265,0.06637470217859415
67.92,-0.2105,0.0682,-0.0481,-0.0175,,,-0.23782899240828434,0.077054333882399,-0.30821733552959607,-0.9513159696331375,-0.9513159696331375,0.30821733552959585,0.028727566109106123
68.8,-0.2331,0.0381,-0.0226,-0.0301,,,-0.24672600242255982,0.04032715869712368,-0.16130863478849475,-0.9869040096902394,-0.9869040096902393,0.1613086347884948,0.013806816355763557
69.32,-0.2232,-0.0003,0.0099,-0.0384,,,-0.24999977417940183,-0.00033602120185403467,0.0013440848074161387,-0.9999990967176073,-0.9999990967176072,-0.0013440848074161382,0.026799798387187823
69.8,-0.2228,-0.0169,0.0004,-0.0166,,,-0.24928388315234032,-0.01890887623552312,0.0756355049420925,-0.9971355326093614,-0.9971355326093614,-0.0756355049420925,0.026559963301112932
70.2,-0.1913,-0.0558,0.0315,-0.0389,,,-0.2399985948370317,-0.07000481752172698,0.28001927008690797,-0.9599943793481269,-0.9599943793481268,-0.28001927008690797,0.05072799995985386
70.76,-0.1448,-0.1256,0.0465,-0.0698,,,-0.1888534009148407,-0.163812065986906,0.655248263947624,-0.7554136036593628,-0.7554136036593627,-0.655248263947624,0.0583169282383027
71.36,-0.1036,-0.1692,0.0412,-0.0436,,,-0.13054594676861755,-0.21320824510859157,0.8528329804343664,-0.5221837870744703,-0.5221837870744704,-0.8528329804343663,0.05160241936959009
72.08,0.0569,-0.1729,0.1605,-0.0037,,,0.07814988038722209,-0.2374712534086239,0.9498850136344957,0.3125995215488884,0.31259952154888837,-0.9498850136344957,0.06797796836646394
73.0,0.1859,0.0196,0.129,0.1925,,,0.24862196280230692,0.026212966492335746,-0.10485186596934298,0.9944878512092277,0.9944878512092277,0.10485186596934298,0.06306961188720545
73.56,0.1376,0.1215,-0.0483,0.1019,,,0.18739983465794757,0.16547296446904528,-0.6618918578761811,0.7495993386317903,0.7495993386317903,0.6618918578761811,0.06643527027230967
74.96,-0.0194,0.2213,-0.157,0.0998,,,-0.021832222065520872,0.24904488366493654,-0.9961795346597463,-0.0873288882620835,-0.08732888826208346,0.9961795346597463,0.02785128854751373
76.96,-0.1369,0.1499,-0.1175,-0.0714,,,-0.16859069983968253,0.1846000431407481,-0.7384001725629925,-0.6743627993587302,-0.6743627993587301,0.7384001725629926,0.04699354690059726
78.32,-0.1573,0.153,-0.0204,0.0031,,,-0.17920918235066471,0.1743102663677794,-0.6972410654711176,-0.7168367294026589,-0.7168367294026589,0.6972410654711175,0.030563699447880788
79.44,-0.1678,0.1677,-0.0105,0.0147,,,-0.17682937796196796,0.17672399692623375,-0.706895987704935,-0.7073175118478718,-0.707317511847872,0.7068959877049349,0.012765664373809493
79.92,-0.1858,0.1042,-0.018,-0.0635,,,-0.21805041513692922,0.1222866160240475,-0.48914646409619,-0.8722016605477169,-0.8722016605477168,0.48914646409619,0.03697586991141122
80.68,-0.2101,-0.0538,-0.0243,-0.158,,,-0.24218586527542893,-0.062016180636925634,0.24806472254770254,-0.9687434611017157,-0.9687434611017157,-0.2480647225477025,0.033121116749463136
81.16,-0.1262,-0.1442,0.0839,-0.0904,,,-0.16464462384645948,-0.18812800918113673,0.7525120367245469,-0.6585784953858379,-0.6585784953858378,-0.7525120367245469,0.058375158186627585
81.88,-0.0285,-0.1867,0.0977,-0.0425,,,-0.03772580794233893,-0.2471371348363045,0.988548539345218,-0.15090323176935572,-0.1509032317693557,-0.988548539345218,0.06113724559882114
83.08,0.1633,-0.0995,0.1918,0.0872,,,0.21349155287251798,-0.1300821158041368,0.5203284632165472,0.8539662114900719,0.8539662114900718,-0.5203284632165474,0.058774635573624806
83.72,0.1844,0.0579,0.0211,0.1574,,,0.23851850522669363,0.07489274106629913,-0.2995709642651965,0.9540740209067745,0.9540740209067744,0.29957096426519647,0.0567235917138359
84.08,0.1438,0.1222,-0.0406,0.0643,,,0.190504440280971,0.16188903061428828,-0.6475561224571531,0.762017761123884,0.7620177611238839,0.647556122457153,0.061290487786121395
85.4,-0.0497,0.2093,-0.1935,0.0871,,,-0.05775848186176023,0.24323642361501846,-0.972945694460074,-0.23103392744704096,-0.23103392744704093,0.9729456944600738,0.03488007995538858
87.44,-0.1526,0.1662,-0.1029,-0.0431,,,-0.16908162226784149,0.18415049554990334,-0.7366019821996134,-0.6763264890713659,-0.6763264890713659,0.7366019821996134,0.02436932832613381
88.16,-0.1531,0.1655,-0.0005,-0.0007,,,-0.16976796491541649,0.18351795031679574,-0.7340718012671831,-0.679071859661666,-0.6790718596616659,0.7340718012671831,0.024545215176080132
88.64,-0.167,0.0912,-0.0139,-0.0743,,,-0.2194136122540565,0.11982348166209553,-0.4792939266483821,-0.877654449016226,-0.877654449016226,0.4792939266483821,0.059720100903957796
89.8,-0.1477,-0.133,0.0193,-0.2242,,,-0.18577974978178466,-0.1672898220783843,0.6691592883135373,-0.7431189991271387,-0.7431189991271387,-0.6691592883135373,0.05124313848322115
90.2,-0.1088,-0.161,0.0389,-0.028,,,-0.13997867636928535,-0.2071375633773432,0.8285502535093728,-0.5599147054771414,-0.5599147054771415,-0.8285502535093728,0.05568468922907799
90.92,0.0587,-0.1673,0.1675,-0.0063,,,0.08276972565989074,-0.23590076836285725,0.943603073451429,0.33107890263956297,0.3310789026395629,-0.9436030734514289,0.0727008742266336
91.76,0.2018,-0.0467,0.1431,0.1206,,,0.24356317158639876,-0.05636471810250159,0.22545887241000637,0.974252686345595,0.9742526863455951,-0.2254588724100064,0.04286687855391161
92.24,0.196,0.078,-0.0058,0.1247,,,0.23228227693858883,0.09243886531229555,-0.36975546124918224,0.9291291077543554,0.9291291077543555,0.3697554612491822,0.039049768902710114
92.84,0.1336,0.1673,-0.0624,0.0893,,,0.15600282121030953,0.19535383224913763,-0.7814153289965505,0.6240112848412381,0.6240112848412379,0.7814153289965505,0.035901307804087706
93.76,0.0947,0.2081,-0.0389,0.0408,,,0.10354958605565058,0.22754666164921736,-0.9101866465968695,0.4141983442226024,0.41419834422260254,0.9101866465968694,0.021365575645310997
94.32,0.0666,0.2175,-0.0281,0.0094,,,0.07319702488852091,0.23904433803683628,-0.9561773521473451,0.29278809955408364,0.29278809955408364,0.9561773521473451,0.02253173847765047
94.92,-0.0472,0.1905,-0.1138,-0.027,,,-0.06012424495512076,0.24266247169386662,-0.9706498867754666,-0.24049697982048307,-0.24049697982048313,0.9706498867754666,0.05373973912174679
96.16,-0.1035,0.0833,-0.0563,-0.1072,,,-0.19475740474247968,0.1567467808217252,-0.6269871232869008,-0.7790296189699187,-0.7790296189699188,0.6269871232869008,0.11714240706681459
96.8,-0.1174,0.0627,-0.0139,-0.0206,,,-0.2205206035726446,0.11777378061332894,-0.47109512245331575,-0.8820824142905784,-0.8820824142905783,0.4710951224533157,0.11690586038446321
97.84,-0.1266,0.0544,-0.0092,-0.0083,,,-0.22969230928224735,0.0986987490122769,-0.3947949960491076,-0.9187692371289894,-0.9187692371289893,0.3947949960491076,0.11220696679439851
100.12,-0.1755,0.0018,-0.0489,-0.0526,,,-0.24998685179340627,0.002563967710701603,-0.010255870842806413,-0.9999474071736252,-0.9999474071736252,0.010255870842806413,0.07449076947351174
101.04,-0.041,-0.1393,0.1345,-0.1411,,,-0.07058818519459784,-0.23982766335627995,0.95931065342512,-0.2823527407783914,-0.2823527407783914,-0.9593106534251199,0.10479156360596673
101.52,0.0734,-0.1409,0.1144,-0.0016,,,0.1155016557749985,-0.22171911851086223,0.8868764740434489,0.462006623099994,0.46200662309999396,-0.8868764740434488,0.09112781867173853
101.88,0.1326,-0.1025,0.0592,0.0384,,,0.19779500336141623,-0.15289583593171313,0.6115833437268525,0.7911800134456649,0.7911800134456649,-0.6115833437268524,0.08240223748510245
102.24,0.1823,-0.0237,0.0497,0.0788,,,0.2479137304804725,-0.0322301448841865,0.128920579536746,0.99165492192189,0.9916549219218899,-0.128920579536746,0.06616588999861861
102.72,0.1832,0.0819,0.0009,0.1056,,,0.2282314408652293,0.10203141379291639,-0.4081256551716656,0.9129257634609174,0.9129257634609173,0.4081256551716657,0.04932650897540053
103.8,0.0965,0.2089,-0.0867,0.127,,,0.1048403235195609,0.22695485578483182,-0.9078194231393273,0.4193612940782436,0.41936129407824346,0.9078194231393273,0.019888157627644037
104.4,0.0575,0.2289,-0.039,0.02,,,0.0609080315489235,0.2424669290704102,-0.9698677162816409,0.24363212619569402,0.2436321261956943,0.9698677162816408,0.013988432486880004
105.32,-0.0036,0.2406,-0.0611,0.0117,,,-0.0037402297226552628,0.24997201979746006,-0.9998880791898402,-0.014960918890621051,-0.014960918890621075,0.9998880791898402,0.009373068838918197
106.36,-0.0495,0.2174,-0.0459,-0.0232,,,-0.05550219742493314,0.24376116606425183,-0.9750446642570073,-0.22200878969973256,-0.22200878969973245,0.9750446642570073,0.027035854900389872
106.72,-0.0638,0.2155,-0.0143,-0.0019,,,-0.07096905735866677,0.2397152329277851,-0.9588609317111404,-0.28387622943466706,-0.28387622943466695,0.9588609317111404,0.02525416577831749
107.12,-0.0954,0.2058,-0.0316,-0.0097,,,-0.10514180687161678,0.2268153443834249,-0.9072613775336996,-0.42056722748646713,-0.420567227486467,0.9072613775336996,0.023163495001355644
107.64,-0.1468,0.1882,-0.0514,-0.0176,,,-0.1537605545225706,0.1971235446944672,-0.7884941787778688,-0.6150422180902824,-0.6150422180902824,0.7884941787778688,0.011317197938351647
108.88,-0.2339,0.0817,-0.0871,-0.1065,,,-0.236016455662864,0.08243926647138088,-0.32975706588552356,-0.9440658226514561,-0.9440658226514567,0.32975706588552195,0.0022418517989771514
110.08,-0.2249,-0.054,0.009,-0.1357,,,-0.24309093744313048,-0.058367766215780555,0.23347106486312225,-0.972363749772522,-0.972363749772522,-0.23347106486312227,0.0187079551735512
110.6,-0.1931,-0.1034,0.0318,-0.0494,,,-0.2203920462013574,-0.11801417699233743,0.47205670796934973,-0.8815681848054296,-0.8815681848054296,-0.47205670796934973,0.030958519910040783
111.24,-0.12,-0.1734,0.0731,-0.07,,,-0.1422655033725981,-0.20557365237340428,0.8222946094936172,-0.5690620134903925,-0.5690620134903924,-0.8222946094936172,0.03912667309495968
111.6,-0.0932,-0.2004,0.0268,-0.027,,,-0.10542403642368112,-0.2266843014946963,0.9067372059787852,-0.42169614569472447,-0.4216961456947244,-0.906737205978785,0.028987783143103157
112.44,0.0083,-0.2188,0.1015,-0.0184,,,0.009476730549627383,-0.24982031858535797,0.999281274341432,0.03790692219850954,0.037906922198509545,-0.9992812743414319,0.03104262971984706
113.04,0.0903,-0.2066,0.082,0.0122,,,0.1001232701054758,-0.22907494577841972,0.9162997831136789,0.4004930804219032,0.4004930804219029,-0.9162997831136791,0.024527939646616065
113.96,0.1314,-0.1386,0.0411,0.068,,,0.1720015048664373,-0.18142624485911885,0.7257049794364754,0.6880060194657492,0.688006019465749,-0.7257049794364755,0.05901329889230508
114.4,0.1573,-0.0703,0.0259,0.0683,,,0.22824297790569453,-0.10200560296738924,0.40802241186955696,0.9129719116227781,0.912971911622778,-0.40802241186955696,0.07770554274730718
114.8,0.171,-0.0237,0.0137,0.0466,,,0.24763292435169335,-0.03432105442769083,0.13728421771076335,0.9905316974067735,0.9905316974067735,-0.13728421771076335,0.07736544378369664
115.36,0.0998,0.1004,-0.0712,0.1241,,,0.17624610348918301,0.17730569930174322,-0.7092227972069729,0.7049844139567321,0.7049844139567321,0.7092227972069729,0.10843658664753805
115.8,0.0581,0.1527,-0.0417,0.0523,,,0.08890337768531521,0.23365827491476135,-0.9346330996590454,0.35561351074126085,0.35561351074126085,0.9346330996590455,0.08662038070799649
117.12,-0.1558,0.0482,-0.2139,-0.1045,,,-0.2388317798159491,0.07388762379415113,-0.29555049517660453,-0.9553271192637964,-0.9553271192637963,0.2955504951766045,0.08691450095118819
118.08,-0.1489,-0.0483,0.0069,-0.0965,,,-0.23780190444324145,-0.07713789109878148,0.30855156439512593,-0.9512076177729658,-0.9512076177729657,-0.30855156439512593,0.09346214515332082
118.92,-0.1811,-0.0923,-0.0322,-0.044,,,-0.22273922115429537,-0.11352197742982585,0.45408790971930346,-0.8909568846171816,-0.8909568846171815,-0.4540879097193036,0.0467353941287367
120.0,-0.0719,-0.1554,0.1092,-0.0631,,,-0.10497745160449606,-0.22689146007425157,0.9075658402970063,-0.41990980641798425,-0.41990980641798425,-0.9075658402970063,0.07877275333639217
120.68,-0.005,-0.1791,0.0669,-0.0237,,,-0.006976622962144292,-0.24990263450400857,0.9996105380160343,-0.02790649184857717,-0.027906491848577162,-0.9996105380160342,0.0708302201820854
121.08,0.0446,-0.166,0.0496,0.0131,,,0.06486817718164528,-0.2414376101379623,0.9657504405518492,0.2594727087265811,0.259472708726581,-0.9657504405518492,0.0781129440591875
122.44,0.1767,0.0772,0.1321,0.2432,,,0.229089888929408,0.10008907428042048,-0.4003562971216819,0.916359555717632,0.9163595557176318,0.4003562971216819,0.05717176036690064
123.56,0.0986,0.1635,-0.0781,0.0863,,,0.12910500477363115,0.2140838568000882,-0.8563354272003528,0.5164200190945246,0.5164200190945245,0.8563354272003528,0.05907014377002218
124.2,-0.0188,0.223,-0.1174,0.0595,,,-0.021001732291279544,0.24911629260400736,-0.9964651704160296,-0.08400692916511819,-0.08400692916511816,0.9964651704160296,0.02620893672892116
124.76,-0.1004,0.2187,-0.0816,-0.0043,,,-0.104303168485835,0.2272022205961366,-0.9088088823845464,-0.41721267394334,-0.41721267394334,0.9088088823845464,0.009355344958588363
125.24,-0.1579,0.1714,-0.0575,-0.0473,,,-0.16938726583910788,0.1838693943307352,-0.7354775773229408,-0.6775490633564315,-0.6775490633564311,0.7354775773229412,0.016954146142867416
125.68,-0.1871,0.1437,-0.0292,-0.0277,,,-0.19827018455280587,0.15227913158865958,-0.6091165263546383,-0.7930807382112235,-0.793080738211223,0.6091165263546389,0.01408454904351858
127.08,-0.215,0.086,-0.0279,-0.0577,,,-0.23211917272131483,0.09284766908852593,-0.3713906763541037,-0.9284766908852593,-0.9284766908852592,0.37139067635410394,0.01843791329321634
127.44,-0.2325,0.0439,-0.0175,-0.0421,,,-0.2456592365647712,0.046384690258896584,-0.18553876103558636,-0.9826369462590849,-0.9826369462590848,0.18553876103558636,0.013391758385300517
128.56,-0.1622,-0.1007,0.0703,-0.1446,,,-0.21239587782625405,-0.13186353204133033,0.5274541281653214,-0.8495835113050163,-0.8495835113050163,-0.5274541281653213,0.05908292376007848
129.2,-0.1456,-0.1271,0.0166,-0.0264,,,-0.18833635608350122,-0.16440625589432006,0.6576250235772803,-0.7533454243340049,-0.7533454243340048,-0.6576250235772801,0.056728765720296614
129.88,-0.0774,-0.1718,0.0682,-0.0447,,,-0.10269045898572361,-0.2279356699450558,0.9117426797802232,-0.41076183594289445,-0.41076183594289445,-0.9117426797802232,0.0615696415117776
130.6,0.0459,-0.1628,0.1233,0.009,,,0.06784046747942596,-0.24061934870698357,0.9624773948279343,0.27136186991770384,0.27136186991770384,-0.9624773948279343,0.08085317029278971
131.16,0.1483,-0.1079,0.1024,0.0549,,,0.20215454358843593,-0.14708344742543655,0.5883337897017462,0.8086181743537437,0.8086181743537436,-0.5883337897017463,0.0666007088345214
131.76,0.2029,-0.0799,0.0546,0.028,,,0.23261394347888698,-0.09160105512056713,0.3664042204822685,0.9304557739155479,0.9304557739155478,-0.36640422048226856,0.03193482625600208
132.56,0.172,-0.0784,-0.0309,0.0015,,,0.2274827889760066,-0.10368982939371464,0.41475931757485857,0.9099311559040264,0.9099311559040265,-0.4147593175748586,0.06097471068663857
133.08,0.1123,0.012,-0.0597,0.0904,,,0.24858481529966464,0.026562936630418307,-0.10625174652167323,0.9943392611986586,0.9943392611986587,0.10625174652167324,0.13706068000913058
134.12,0.0263,0.1562,-0.086,0.1442,,,0.04150919407597771,0.24652989029154823,-0.986119561166193,0.16603677630391087,0.16603677630391084,0.986119561166193,0.09160135732904778
134.84,-0.0813,0.1644,-0.1076,0.0082,,,-0.11082088240412599,0.22409536368066804,-0.8963814547226723,-0.443283529616504,-0.4432835296165041,0.8963814547226723,0.06659593788577092
135.88,-0.1948,0.0554,-0.1135,-0.109,,,-0.24046465504410655,0.06838676534621921,-0.27354706138487683,-0.9618586201764262,-0.9618586201764262,0.2735470613848768,0.047475433588910015
136.4,-0.2253,0.0367,-0.0305,-0.0187,,,-0.24674777704879391,0.040193712462009486,-0.16077484984803794,-0.9869911081951757,-0.9869911081951755,0.16077484984803786,0.021730466334203946
136.8,-0.235,0.0205,-0.0097,-0.0162,,,-0.24905417247048503,0.021726002279340188,-0.08690400911736075,-0.9962166898819401,-0.9962166898819402,0.08690400911736089,0.014107545690838191
138.04,-0.1798,-0.1314,0.0552,-0.1519,,,-0.2018436668081117,-0.14750977652161223,0.590039106086449,-0.8073746672324469,-0.8073746672324466,-0.5900391060864495,0.02730289629184668
138.84,-0.0336,-0.1816,0.1462,-0.0502,,,-0.04548353541332546,-0.2458276794958305,0.983310717983322,-0.18193414165330185,-0.18193414165330188,-0.9833107179833221,0.06531778645467776
139.76,0.0965,-0.1473,0.1301,0.0343,,,0.13699971385512505,-0.2091197704752323,0.8364790819009293,0.5479988554205003,0.5479988554205003,-0.8364790819009295,0.07390474168791483
140.52,0.1598,-0.0968,0.0633,0.0505,,,0.2138282096184818,-0.1295279767901692,0.5181119071606768,0.8553128384739273,0.8553128384739271,-0.5181119071606766,0.06316777579871294
141.52,0.1324,0.1126,-0.0274,0.2094,,,0.1904422349500673,0.1619622028351781,-0.6478488113407124,0.7617689398002692,0.761768939800269,0.6478488113407123,0.07619401621348015
142.16,0.0421,0.1927,-0.0903,0.0801,,,0.05335995905825681,0.24423905250655792,-0.9769562100262318,0.21343983623302726,0.2134398362330272,0.9769562100262318,0.05275472122253469
143.32,-0.1251,0.1896,-0.1672,-0.0031,,,-0.13768295196926716,0.20867056509490853,-0.8346822603796342,-0.5507318078770688,-0.5507318078770685,0.8346822603796344,0.02284769426660005
144.28,-0.1697,0.1476,-0.0446,-0.042,,,-0.18863223500712087,0.16406669350059544,-0.6562667740023818,-0.7545289400284835,-0.7545289400284831,0.656266774002382,0.025091463034414813
145.32,-0.1964,0.0863,-0.0267,-0.0613,,,-0.22887856290110842,0.10057138481856241,-0.40228553927424965,-0.9155142516044337,-0.9155142516044337,0.40228553927424965,0.03547575894552152
146.52,-0.208,0.0114,-0.0116,-0.0749,,,-0.24962535843164008,0.013681389837118736,-0.05472555934847494,-0.9985014337265603,-0.9985014337265602,0.054725559348474936,0.041687830408302845
147.16,-0.1972,-0.0108,0.0108,-0.0222,,,-0.24962591690928249,-0.013671196260751781,0.054684785043007125,-0.9985036676371299,-0.9985036676371298,-0.054684785043007125,0.05250448106349351
147.8,-0.1712,-0.0449,0.026,-0.0341,,,-0.24182161082445625,-0.06342167246505892,0.25368668986023574,-0.9672864432978251,-0.9672864432978251,-0.25368668986023574,0.07301002853268776
148.16,-0.1606,-0.0587,0.0106,-0.0138,,,-0.23480716628384513,-0.085823042720185,0.34329217088074004,-0.9392286651353806,-0.9392286651353805,-0.34329217088074004,0.07900862594855845
148.72,-0.0866,-0.1156,0.074,-0.0569,,,-0.14988920437050474,-0.20008304879018876,0.8003321951607552,-0.599556817482019,-0.599556817482019,-0.800332195160755,0.10555997784547386
150.4,0.1732,-0.0286,0.2598,0.087,,,0.24665978824170295,-0.040730195979865505,0.16292078391946205,0.9866391529668119,0.9866391529668118,-0.16292078391946205,0.07445456428605157
151.2,0.1679,0.0745,-0.0053,0.1031,,,0.22851458173149844,0.10139568992850884,-0.4055827597140354,0.9140583269259939,0.9140583269259939,0.4055827597140354,0.06631369131043
152.32,0.062,0.1967,-0.1059,0.1222,,,0.07515520109036873,0.23843593636250857,-0.9537437454500344,0.300620804361475,0.3006208043614749,0.9537437454500344,0.043760115399566785
152.72,0.0056,0.2251,-0.0564,0.0284,,,0.006217534279986684,0.24992267257589335,-0.9996906903035734,0.024870137119946737,0.024870137119946716,0.9996906903035734,0.02483035284479393
153.36,-0.1286,0.1863,-0.1342,-0.0388,,,-0.14202096989155813,0.20574266478069425,-0.8229706591227771,-0.5680838795662326,-0.5680838795662325,0.8229706591227771,0.023624979293209114
154.08,-0.2115,0.0981,-0.0829,-0.0882,,,-0.22679171997407754,0.10519275522201896,-0.42077102088807583,-0.9071668798963102,-0.9071668798963102,0.4207710208880759,0.016856567752810164
154.96,-0.2119,-0.0116,-0.0004,-0.1097,,,-0.24962624302665515,-0.013665240297825386,0.054660961191301545,-0.9985049721066206,-0.9985049721066204,-0.054660961191301524,0.03778272926078802
155.48,-0.2014,-0.0726,0.0105,-0.061,,,-0.23518610464530618,-0.08477910227035367,0.33911640908141466,-0.9407444185812247,-0.9407444185812247,-0.33911640908141466,0.03591422279843062
156.84,-0.0574,-0.1542,0.144,-0.0816,,,-0.08721446518726038,-0.23429391170514896,0.937175646820596,-0.34885786074904157,-0.34885786074904157,-0.937175646820596,0.08546307405326911
159.56,0.1613,0.0402,0.2187,0.1944,,,0.2425797929858278,0.06045696018617655,-0.2418278407447062,0.9703191719433112,0.9703191719433111,0.2418278407447062,0.08376603836760674
160.88,0.0657,0.1605,-0.0956,0.1203,,,0.09470872661834158,0.23136606730964726,-0.9254642692385892,0.3788349064733664,0.3788349064733663,0.925464269238589,0.07657353143190626
161.68,-0.0783,0.1844,-0.144,0.0239,,,-0.09771116580187024,0.2301141631400367,-0.9204566525601467,-0.39084466320748096,-0.39084466320748107,0.9204566525601466,0.04966465613876317
163.36,-0.2215,0.0496,-0.1432,-0.1348,,,-0.2439583315881332,0.05462904400348265,-0.2185161760139306,-0.9758333263525328,-0.9758333263525327,0.21851617601393078,0.023014515882623016
163.84,-0.229,0.0367,-0.0075,-0.0129,,,-0.24685005992869175,0.03956068646018772,-0.1582427458407509,-0.9874002397147671,-0.9874002397147671,0.1582427458407509,0.018077836332962754
165.72,0.0111,-0.1814,0.2401,-0.2181,,,0.015269125241127873,-0.24953327195861227,0.9981330878344491,0.06107650096451149,0.06107650096451147,-0.998133087834449,0.06826070870612486
166.12,0.0633,-0.1673,0.0522,0.0141,,,0.08846972005385155,-0.23382281461310217,0.9352912584524087,0.3538788802154062,0.3538788802154061,-0.9352912584524087,0.07112523934327683
166.92,0.1464,-0.1193,0.0831,0.048,,,0.19380154341200215,-0.157927077384234,0.6317083095369361,0.7752061736480087,0.7752061736480086,-0.6317083095369361,0.06114701485017504
168.44,0.197,0.0554,0.0506,0.1747,,,0.24066472494987318,0.06767931858996433,-0.2707172743598573,0.9626588997994927,0.9626588997994926,0.2707172743598573,0.04535845973996383
169.48,0.1481,0.1381,-0.0489,0.0827,,,0.18284180250863227,0.17049596844322834,-0.6819838737729134,0.7313672100345291,0.731367210034529,0.6819838737729135,0.047502543225846905
170.84,0.0877,0.2051,-0.0604,0.067,,,0.09829042185337525,0.22986733776655946,-0.9194693510662378,0.393161687413501,0.3931616874135009,0.9194693510662378,0.026936556110150583
171.56,0.0625,0.2246,-0.0252,0.0195,,,0.06702157329338808,0.24084872578711938,-0.9633949031484775,0.2680862931735523,0.2680862931735525,0.9633949031484775,0.016866111429504976
172.56,-0.013,0.2404,-0.0755,0.0158,,,-0.013499411208462564,0.24963526573187697,-0.998541062927508,-0.053997644833850264,-0.05399764483385027,0.998541062927508,0.00924875908938702
174.44,-0.0757,-0.101,-0.0627,-0.3414,,,-0.14993661107337053,-0.20004752600277972,0.8001901040111189,-0.5997464442934821,-0.5997464442934821,-0.8001901040111189,0.1237799936618604
175.36,0.0838,-0.1306,0.1595,-0.0296,,,0.13501020837920497,-0.210409704228212,0.841638816912848,0.5400408335168199,0.54004083351682,-0.841638816912848,0.09482654866247256
177.36,0.1778,0.097,0.094,0.2276,,,0.2194644581525071,0.11973032868837563,-0.4789213147535025,0.8778578326100284,0.8778578326100284,0.4789213147535025,0.04746150983084721
179.0,0.1345,0.184,-0.0433,0.087,,,0.1475316475372316,0.20182768138922388,-0.8073107255568955,0.5901265901489264,0.5901265901489265,0.8073107255568953,0.022082800122500634
179.76,0.0059,0.2155,-0.1286,0.0315,,,0.006841983787323864,0.24990635697767674,-0.999625427910707,0.027367935149295457,0.02736793514929546,0.999625427910707,0.03441924946786182
180.36,-0.0983,0.1899,-0.1042,-0.0256,,,-0.11492569646926803,0.22201820711611395,-0.8880728284644559,-0.4597027858770722,-0.4597027858770722,0.8880728284644557,0.03616618602288363
181.2,-0.1855,0.1107,-0.0872,-0.0792,,,-0.2146789672677545,0.12811300095170042,-0.5124520038068017,-0.858715869071018,-0.8587158690710179,0.5124520038068018,0.03397976946591322
182.16,-0.2189,-0.0297,-0.0334,-0.1404,,,-0.24773021186878166,-0.033611636786216606,0.13444654714486642,-0.9909208474751267,-0.9909208474751267,-0.13444654714486642,0.029094364037492243
182.8,-0.2042,-0.0595,0.0147,-0.0298,,,-0.24001842208707994,-0.06993680761107374,0.27974723044429495,-0.9600736883483197,-0.9600736883483196,-0.27974723044429506,0.03730799262783757
183.52,-0.101,-0.1275,0.1032,-0.068,,,-0.1552347804997118,-0.19596469815557674,0.783858792622307,-0.6209391219988472,-0.6209391219988472,-0.7838587926223068,0.08734315261877229
184.6,0.1136,-0.1213,0.2146,0.0062,,,0.17089018377837792,-0.182473409263356,0.729893637053424,0.6835607351135117,0.6835607351135116,-0.729893637053424,0.08381140231652473
185.36,0.1823,-0.0339,0.0687,0.0874,,,0.24578645824829698,-0.045705764863506686,0.18282305945402674,0.9831458329931879,0.983145832993188,-0.1828230594540268,0.06457481292985034
186.28,0.1525,0.0947,-0.0298,0.1286,,,0.21238206384064767,0.1318857799718645,-0.527543119887458,0.8495282553625907,0.8495282553625908,0.5275431198874578,0.07048860760386264
187.44,0.0494,0.1634,-0.1031,0.0687,,,0.07234737531908093,0.23930285682465233,-0.9572114272986093,0.28938950127632374,0.2893895012763236,0.9572114272986092,0.07929581141635689
188.44,0.0067,0.1922,-0.0427,0.0288,,,0.008709590052727855,0.24984824002004383,-0.9993929600801753,0.03483836021091142,0.034838360210911426,0.9993929600801753,0.05768325605917721
189.0,-0.0184,0.1903,-0.0251,-0.0019,,,-0.02406015371852767,0.2488395245997726,-0.9953580983990904,-0.09624061487411067,-0.09624061487411063,0.9953580983990903,0.0588125265609695
189.48,-0.0763,0.1426,-0.0579,-0.0477,,,-0.11794380823568991,0.22042971237758036,-0.8817188495103214,-0.47177523294275964,-0.4717752329427596,0.8817188495103214,0.08827044178629559
190.16,-0.1449,0.0776,-0.0686,-0.065,,,-0.22038581806564733,0.11802580732846263,-0.47210322931385057,-0.8815432722625894,-0.8815432722625893,0.4721032293138506,0.08562916925439598
191.2,-0.1462,-0.109,-0.0013,-0.1866,,,-0.20042691053774625,-0.1494290919877862,0.5977163679511448,-0.801707642150985,-0.8017076421509848,-0.5977163679511447,0.06763925861085124
192.32,0.0179,-0.1946,0.1641,-0.0856,,,0.022899218203147435,-0.2489490425884073,0.9957961703536293,0.09159687281258976,0.09159687281258977,-0.9957961703536293,0.05457848122583839
192.84,0.0924,-0.1854,0.0745,0.0092,,,0.11151365920971457,-0.22375143308962211,0.8950057323584885,0.44605463683885826,0.44605463683885815,-0.8950057323584885,0.042850488776825735
193.36,0.1744,-0.1342,0.082,0.0512,,,0.198130654680725,-0.15246062992060377,0.6098425196824151,0.7925226187229,0.7925226187229,-0.6098425196824153,0.029943189153346123
194.0,0.2138,-0.011,0.0394,0.1232,,,0.24966976826143453,-0.012845497899325443,0.05138199159730178,0.9986790730457382,0.9986790730457381,-0.05138199159730177,0.035917212275250854
194.52,0.1977,0.096,-0.0161,0.107,,,0.22488853385447355,0.10920232296423603,-0.4368092918569441,0.8995541354178942,0.8995541354178941,0.4368092918569441,0.030224455409615714
195.2,0.1205,0.1811,-0.0772,0.0851,,,0.1384893394262359,0.20813626033270807,-0.8325450413308323,0.5539573577049436,0.5539573577049436,0.8325450413308323,0.03247423141154057
195.76,0.0346,0.2121,-0.0859,0.031,,,0.04025059985040153,0.2467385037072302,-0.9869540148289209,0.16100239940160616,0.16100239940160627,0.9869540148289209,0.0350963704354903
196.48,-0.0361,0.2262,-0.0707,0.0141,,,-0.03939971922900106,0.2468758030360122,-0.9875032121440488,-0.15759887691600424,-0.15759887691600424,0.9875032121440488,0.020937453956348412
197.8,-0.1729,0.1468,-0.1368,-0.0794,,,-0.190574545855532,0.16180649700168942,-0.6472259880067578,-0.7622981834221281,-0.7622981834221279,0.6472259880067579,0.02318586904692202
198.56,-0.2202,0.0654,-0.0473,-0.0814,,,-0.23965336370319668,0.07117770202629002,-0.28471080810516014,-0.9586134548127868,-0.9586134548127866,0.2847108081051602,0.020293230400146883
