Agent_ID;Kick_Time;Velocity_Agent;Velocity_Focal_Agent3;Velocity_Difference
1;0.8;0.0;0.0;0.0
2;0.8;0.0;0.0;0.0
4;0.8;0.0;0.0;0.0
5;0.8;0.0;0.0;0.0
4;1.28;0.143209279;0.235198369;0.09198909
5;1.28;0.127059595;0.235198369;0.108138774
2;1.28;0.10939107;0.235198369;0.12580729899999998
1;1.28;0.0997449;0.235198369;0.135453469
2;2.2;0.112339888;0.099727239;0.012612649000000004
1;2.2;0.113188296;0.099727239;0.013461056999999998
5;2.2;0.080155582;0.099727239;0.019571656999999992
4;2.2;0.121609111;0.099727239;0.02188187200000001
2;3.32;0.157840628;0.151232448;0.006608180000000019
1;3.32;0.132189091;0.151232448;0.019043356999999983
4;3.32;0.125887285;0.151232448;0.025345163000000004
5;3.32;0.124826442;0.151232448;0.026406005999999996
5;3.68;0.316365476;0.328866952;0.012501476000000011
2;3.68;0.214817788;0.328866952;0.11404916399999998
1;3.68;0.178614567;0.328866952;0.150252385
4;3.68;0.1529272;0.328866952;0.17593975199999998
5;4.08;0.215224447;0.203322711;0.011901736000000024
2;4.08;0.222718713;0.203322711;0.019396002000000023
1;4.08;0.161710583;0.203322711;0.041612128
4;4.08;0.141541734;0.203322711;0.06178097699999999
1;5.08;0.178263008;0.192652459;0.014389450999999998
2;5.08;0.176876511;0.192652459;0.015775948000000012
4;5.08;0.172439236;0.192652459;0.020213223000000002
5;5.08;0.213479976;0.192652459;0.02082751699999999
5;5.64;0.138426378;0.141855978;0.003429600000000005
4;5.64;0.130679396;0.141855978;0.01117658199999999
1;5.64;0.166414201;0.141855978;0.024558223000000018
2;5.64;0.169451866;0.141855978;0.027595888000000013
5;7.72;0.113833423;0.113051185;0.0007822380000000045
2;7.72;0.115516111;0.113051185;0.002464926000000006
4;7.72;0.119479289;0.113051185;0.006428104000000004
1;7.72;0.104687321;0.113051185;0.008363863999999999
1;8.84;0.148658596;0.160373771;0.011715174999999994
2;8.84;0.116654613;0.160373771;0.043719157999999994
4;8.84;0.084135952;0.160373771;0.076237819
5;8.84;0.069556036;0.160373771;0.090817735
1;10.4;0.085986965;0.082282726;0.003704238999999998
4;10.4;0.093688962;0.082282726;0.011406236
5;10.4;0.114869595;0.082282726;0.032586869000000004
2;10.4;0.12729349;0.082282726;0.04501076400000001
2;11.0;0.038432119;0.002758824;0.035673295
5;11.0;0.043463906;0.002758824;0.040705082
4;11.0;0.056435804;0.002758824;0.05367698
1;11.0;0.066352803;0.002758824;0.063593979
2;11.56;0.018001205;0.001684639;0.016316565999999998
4;11.56;0.029874312;0.001684639;0.028189673
5;11.56;0.053221776;0.001684639;0.051537137
1;11.56;0.069321833;0.001684639;0.067637194
4;12.16;0.047167845;0.040183606;0.006984239000000003
1;12.16;0.055311492;0.040183606;0.015127886
5;12.16;0.067275759;0.040183606;0.027092153000000008
2;12.16;0.107039063;0.040183606;0.06685545700000001
2;12.68;0.190992135;0.207233468;0.016241332999999997
4;12.68;0.120050686;0.207233468;0.087182782
5;12.68;0.06231244;0.207233468;0.144921028
1;12.68;0.009358096;0.207233468;0.197875372
2;13.92;0.109799742;0.112392306;0.0025925639999999917
1;13.92;0.102247411;0.112392306;0.010144895000000001
5;13.92;0.096707504;0.112392306;0.015684801999999998
4;13.92;0.09291936;0.112392306;0.01947294599999999
5;14.64;0.223004958;0.223207019;0.00020206100000000338
1;14.64;0.204519914;0.223207019;0.01868710500000001
2;14.64;0.172692012;0.223207019;0.050515007
4;14.64;0.171911514;0.223207019;0.05129550500000002
2;15.48;0.191137097;0.168478923;0.022658174000000003
5;15.48;0.196517657;0.168478923;0.02803873400000001
4;15.48;0.200570968;0.168478923;0.032092044999999986
1;15.48;0.202001781;0.168478923;0.03352285799999999
1;16.84;0.158340257;0.171322977;0.012982719999999975
2;16.84;0.196352168;0.171322977;0.025029191000000006
5;16.84;0.142757878;0.171322977;0.028565098999999983
4;16.84;0.116916852;0.171322977;0.054406124999999986
4;17.4;0.042752849;0.019114651;0.023638198000000003
2;17.4;0.04480008;0.019114651;0.025685429
1;17.4;0.047855144;0.019114651;0.028740493000000002
5;17.4;0.069572767;0.019114651;0.050458116
5;17.92;0.065131013;0.10440891;0.03927789699999999
1;17.92;0.05924981;0.10440891;0.045159099999999994
4;17.92;0.057183655;0.10440891;0.047225254999999994
2;17.92;0.014607792;0.10440891;0.089801118
4;19.04;0.153182882;0.164492106;0.011309224000000007
2;19.04;0.134164197;0.164492106;0.030327908999999986
1;19.04;0.095426757;0.164492106;0.069065349
5;19.04;0.08903702;0.164492106;0.075455086
1;20.08;0.139966217;0.143062738;0.003096520999999991
5;20.08;0.13408884;0.143062738;0.008973898000000008
2;20.08;0.164144782;0.143062738;0.021082043999999994
4;20.08;0.115058514;0.143062738;0.028004223999999994
4;21.24;0.130947254;0.143668623;0.012721368999999982
5;21.24;0.186332353;0.143668623;0.04266373000000001
2;21.24;0.099711273;0.143668623;0.04395734999999999
1;21.24;0.201434105;0.143668623;0.05776548200000001
5;22.88;0.139834197;0.149777547;0.009943350000000017
2;22.88;0.11507642;0.149777547;0.03470112700000001
1;22.88;0.094255454;0.149777547;0.05552209300000001
4;22.88;0.081188378;0.149777547;0.068589169
2;23.44;0.096055661;0.090549097;0.0055065640000000055
4;23.44;0.105514108;0.090549097;0.014965011
1;23.44;0.155546375;0.090549097;0.06499727799999999
5;23.44;0.01743245;0.090549097;0.07311664699999999
5;25.16;0.07448657;0.06702621;0.007460359999999999
4;25.16;0.059470379;0.06702621;0.007555831000000006
2;25.16;0.082921836;0.06702621;0.015895625999999996
1;25.16;0.109079762;0.06702621;0.042053551999999994
2;25.88;0.061780426;0.040894701;0.020885725
1;25.88;0.008325228;0.040894701;0.032569473
4;25.88;0.081834908;0.040894701;0.040940207
5;25.88;0.086015404;0.040894701;0.045120703000000005
2;27.2;0.063693742;0.065336462;0.0016427200000000003
4;27.2;0.070899418;0.065336462;0.005562956000000008
1;27.2;0.054632296;0.065336462;0.010704166000000001
5;27.2;0.048101944;0.065336462;0.017234517999999997
2;28.2;0.12750349;0.146891116;0.01938762599999999
1;28.2;0.111680303;0.146891116;0.035210812999999994
5;28.2;0.082941063;0.146891116;0.06395005299999999
4;28.2;0.021505813;0.146891116;0.125385303
1;29.36;0.131980084;0.142115095;0.010135011
5;29.36;0.130062296;0.142115095;0.012052799000000003
4;29.36;0.113803683;0.142115095;0.028311411999999994
2;29.36;0.087923977;0.142115095;0.054191117999999996
5;30.04;0.093561431;0.086204698;0.007356733000000004
4;30.04;0.099571965;0.086204698;0.013367267000000002
1;30.04;0.149129901;0.086204698;0.06292520300000001
2;30.04;0.149895364;0.086204698;0.063690666
1;30.96;0.101627819;0.101585784;4.2034999999995826e-05
2;30.96;0.086385352;0.101585784;0.015200432
4;30.96;0.071505631;0.101585784;0.030080153
5;30.96;0.032304743;0.101585784;0.069281041
1;32.68;0.080602325;0.09302778;0.012425455000000002
5;32.68;0.106818956;0.09302778;0.013791176000000002
2;32.68;0.120002718;0.09302778;0.02697493799999999
4;32.68;0.053805462;0.09302778;0.039222318000000006
5;33.64;0.029448784;0.027595321;0.0018534629999999996
2;33.64;0.051423529;0.027595321;0.023828208000000003
4;33.64;0.00372969;0.027595321;0.023865630999999998
1;33.64;0.051916504;0.027595321;0.024321183000000003
2;34.88;0.034376508;0.033596139;0.000780369000000003
4;34.88;0.039964214;0.033596139;0.006368075000000001
5;34.88;0.04618652;0.033596139;0.012590381000000005
1;34.88;0.114244481;0.033596139;0.080648342
1;35.32;0.136084753;0.10869483;0.027389922999999997
5;35.32;0.076398801;0.10869483;0.032296029000000004
2;35.32;0.153435183;0.10869483;0.044740353
4;35.32;0.014737721;0.10869483;0.09395710900000001
4;36.0;0.15711341;0.153635584;0.003477826000000017
2;36.0;0.169975382;0.153635584;0.016339798000000016
1;36.0;0.183901689;0.153635584;0.030266105000000015
5;36.0;0.209437478;0.153635584;0.05580189400000002
5;36.6;0.199535363;0.145434311;0.05410105199999998
1;36.6;0.200818326;0.145434311;0.05538401499999998
2;36.6;0.230766657;0.145434311;0.08533234599999998
4;36.6;0.053731069;0.145434311;0.09170324200000002
1;37.08;0.133870014;0.164579114;0.03070909999999999
5;37.08;0.201730039;0.164579114;0.037150925
4;37.08;0.224734604;0.164579114;0.060155490000000006
2;37.08;0.226619365;0.164579114;0.06204025099999999
4;39.28;0.087459755;0.073704374;0.013755380999999997
2;39.28;0.088704286;0.073704374;0.01499991199999999
5;39.28;0.038743168;0.073704374;0.034961206
1;39.28;0.110565358;0.073704374;0.036860984
1;40.08;0.052866725;0.076661696;0.023794970999999998
4;40.08;0.034590687;0.076661696;0.042071009
2;40.08;0.024242589;0.076661696;0.052419107000000006
5;40.08;0.004712019;0.076661696;0.071949677
4;41.92;0.063586864;0.049011314;0.014575550000000007
2;41.92;0.031404298;0.049011314;0.017607016000000003
1;41.92;0.081116839;0.049011314;0.032105524999999996
5;41.92;0.117045094;0.049011314;0.06803378
1;42.44;0.138101696;0.090772898;0.04732879799999999
2;42.44;0.042919527;0.090772898;0.047853371000000006
4;42.44;0.149437308;0.090772898;0.058664409999999986
5;42.44;0.174172282;0.090772898;0.08339938400000001
1;43.28;0.17516594;0.113747368;0.06141857199999999
4;43.28;0.175858318;0.113747368;0.06211095000000001
5;43.28;0.18274461;0.113747368;0.068997242
2;43.28;0.183328579;0.113747368;0.06958121099999999
5;44.0;0.185266793;0.144676363;0.04059043000000001
1;44.0;0.192875466;0.144676363;0.04819910299999999
2;44.0;0.204423921;0.144676363;0.059747558000000006
4;44.0;0.219528685;0.144676363;0.074852322
2;44.68;0.147129174;0.144590012;0.0025391620000000115
4;44.68;0.165641056;0.144590012;0.02105104400000002
5;44.68;0.180745405;0.144590012;0.03615539300000001
1;44.68;0.189347872;0.144590012;0.04475786000000001
1;45.12;0.184847631;0.185131459;0.000283827999999986
4;45.12;0.188993774;0.185131459;0.003862315000000005
2;45.12;0.190542126;0.185131459;0.005410667000000008
5;45.12;0.191624741;0.185131459;0.006493281999999989
2;46.32;0.126063531;0.128995182;0.0029316510000000073
1;46.32;0.133210464;0.128995182;0.004215281999999987
4;46.32;0.109130815;0.128995182;0.019864367000000008
5;46.32;0.088775192;0.128995182;0.04021999000000001
2;46.88;0.046642707;0.061603778;0.014961071
1;46.88;0.078301484;0.061603778;0.016697706000000007
4;46.88;0.040940786;0.061603778;0.020662991999999998
5;46.88;0.087785249;0.061603778;0.026181470999999998
4;47.24;0.018267981;0.024450757;0.006182776000000001
2;47.24;0.082399396;0.024450757;0.057948638999999996
1;47.24;0.102650447;0.024450757;0.07819969
5;47.24;0.168046143;0.024450757;0.14359538600000002
4;48.24;0.07344338;0.07649634;0.0030529599999999935
5;48.24;0.09196956;0.07649634;0.01547322000000001
2;48.24;0.055189311;0.07649634;0.021307028999999998
1;48.24;0.105783269;0.07649634;0.029286929000000003
4;48.84;0.09629411;0.121554972;0.025260861999999995
1;48.84;0.156824389;0.121554972;0.03526941700000001
5;48.84;0.165580628;0.121554972;0.04402565600000001
2;48.84;0.17403839;0.121554972;0.05248341799999999
2;49.52;0.154951298;0.1397291;0.015222197999999992
1;49.52;0.196301277;0.1397291;0.056572177
5;49.52;0.074057077;0.1397291;0.065672023
4;49.52;0.228905645;0.1397291;0.089176545
1;50.2;0.158455797;0.125260714;0.033195083000000014
5;50.2;0.08969214;0.125260714;0.03556857399999999
2;50.2;0.062919183;0.125260714;0.06234153099999999
4;50.2;0.188680196;0.125260714;0.063419482
2;50.84;0.172090916;0.172223014;0.00013209799999999716
1;50.84;0.181785107;0.172223014;0.009562092999999994
5;50.84;0.205720972;0.172223014;0.033497957999999994
4;50.84;0.097630622;0.172223014;0.07459239200000001
2;51.68;0.157688672;0.165565495;0.007876823000000005
4;51.68;0.174023555;0.165565495;0.00845805999999999
5;51.68;0.186264448;0.165565495;0.020698952999999992
1;51.68;0.194442521;0.165565495;0.028877026
1;52.6;0.169057105;0.136795108;0.032261997000000014
2;52.6;0.230615444;0.136795108;0.093820336
4;52.6;0.230631837;0.136795108;0.09383672900000001
5;52.6;0.25937033;0.136795108;0.12257522199999998
1;53.0;0.176950735;0.108908792;0.068041943
2;53.0;0.200693952;0.108908792;0.09178516
5;53.0;0.213936468;0.108908792;0.10502767599999999
4;53.0;0.215126852;0.108908792;0.10621806
1;54.28;0.11830274;0.123588145;0.005285404999999993
2;54.28;0.115871386;0.123588145;0.00771675899999999
4;54.28;0.104006795;0.123588145;0.019581349999999997
5;54.28;0.079304841;0.123588145;0.044283303999999996
2;54.84;0.077973373;0.061645433;0.01632794
5;54.84;0.039981262;0.061645433;0.021664171000000003
4;54.84;0.120455264;0.061645433;0.05880983100000001
1;54.84;0.131832647;0.061645433;0.070187214
4;55.44;0.127906759;0.127181083;0.0007256760000000084
1;55.44;0.171807143;0.127181083;0.044626059999999995
2;55.44;0.079968918;0.127181083;0.047212165
5;55.44;0.232633713;0.127181083;0.10545262999999999
5;56.6;0.148711894;0.140477358;0.008234536000000015
4;56.6;0.118438394;0.140477358;0.022038963999999994
2;56.6;0.163088503;0.140477358;0.022611145
1;56.6;0.186963521;0.140477358;0.046486163
2;57.32;0.058992473;0.045995924;0.012996548999999996
4;57.32;0.075151339;0.045995924;0.029155414999999997
5;57.32;0.078179765;0.045995924;0.032183841
1;57.32;0.084752727;0.045995924;0.038756803
2;58.56;0.061913481;0.073005655;0.011092174000000003
5;58.56;0.059706238;0.073005655;0.013299417000000001
4;58.56;0.034807707;0.073005655;0.038197948
1;58.56;0.02638194;0.073005655;0.046623715
1;59.12;0.008085165;0.027752781;0.019667616
5;59.12;0.137776739;0.027752781;0.110023958
4;59.12;0.148398874;0.027752781;0.12064609299999998
2;59.12;0.19460165;0.027752781;0.16684886899999998
5;59.6;0.01182372;0.034132351;0.022308631
1;59.6;0.007583448;0.034132351;0.026548903
4;59.6;0.10360264;0.034132351;0.06947028899999999
2;59.6;0.115333153;0.034132351;0.08120080199999999
2;60.24;0.044664822;0.047118638;0.0024538159999999976
4;60.24;0.02933924;0.047118638;0.017779398
5;60.24;0.013993756;0.047118638;0.033124881999999994
1;60.24;0.002948119;0.047118638;0.044170519
4;61.12;0.027864091;0.031110847;0.003246756
2;61.12;0.04623492;0.031110847;0.015124072999999998
5;61.12;0.09684492;0.031110847;0.065734073
1;61.12;0.103959822;0.031110847;0.072848975
1;62.6;0.12838117;0.115274944;0.013106225999999985
2;62.6;0.099879607;0.115274944;0.015395337000000009
4;62.6;0.088297395;0.115274944;0.026977549000000003
5;62.6;0.049064477;0.115274944;0.066210467
1;63.28;0.187391953;0.226678905;0.039286952000000014
2;63.28;0.174917183;0.226678905;0.05176172200000001
4;63.28;0.058789144;0.226678905;0.16788976100000003
5;63.28;0.037471154;0.226678905;0.189207751
2;64.64;0.176419876;0.184180139;0.0077602629999999895
5;64.64;0.155838819;0.184180139;0.028341320000000003
4;64.64;0.155548981;0.184180139;0.02863115799999999
1;64.64;0.154930082;0.184180139;0.029250056999999996
4;65.52;0.107230888;0.045738036;0.061492851999999994
2;65.52;0.128163734;0.045738036;0.08242569799999999
5;65.52;0.13276526;0.045738036;0.08702722399999999
1;65.52;0.148665725;0.045738036;0.10292768899999999
2;67.2;0.122979734;0.126759303;0.0037795689999999965
5;67.2;0.133333134;0.126759303;0.006573831000000002
4;67.2;0.117078295;0.126759303;0.009681007999999991
1;67.2;0.099312404;0.126759303;0.027446898999999983
2;67.92;0.068112221;0.071089678;0.002977457000000003
4;67.92;0.06317063;0.071089678;0.007919047999999998
1;67.92;0.049653506;0.071089678;0.021436172000000003
5;67.92;0.015911115;0.071089678;0.055178563
5;68.8;0.021687583;0.042772733;0.02108515
1;68.8;0.066359161;0.042772733;0.023586428
4;68.8;0.106528257;0.042772733;0.06375552400000001
2;68.8;0.116513575;0.042772733;0.073740842
4;69.32;0.070308387;0.076260851;0.0059524640000000045
2;69.32;0.06941775;0.076260851;0.006843101000000004
1;69.32;0.025548712;0.076260851;0.050712139
5;69.32;0.015618416;0.076260851;0.06064243500000001
4;69.8;0.037962998;0.034593372;0.0033696260000000006
2;69.8;0.042336799;0.034593372;0.007743427000000004
5;69.8;0.01709984;0.034593372;0.017493531999999996
1;69.8;0.001333984;0.034593372;0.033259387999999994
2;70.2;0.094657607;0.125136426;0.03047881899999999
4;70.2;0.041031238;0.125136426;0.084105188
5;70.2;0.014162009;0.125136426;0.11097441699999999
1;70.2;0.009724325;0.125136426;0.11541210099999999
5;70.76;0.157086536;0.149769061;0.00731747499999999
2;70.76;0.119083045;0.149769061;0.03068601600000001
4;70.76;0.088322302;0.149769061;0.061446759000000004
1;70.76;0.033141722;0.149769061;0.11662733900000001
4;71.36;0.101657377;0.099977775;0.0016796019999999884
5;71.36;0.140837574;0.099977775;0.04085979899999999
1;71.36;0.058810666;0.099977775;0.04116710900000001
2;71.36;0.141353477;0.099977775;0.041375702
1;72.08;0.216633055;0.222975892;0.006342837000000018
5;72.08;0.249325634;0.222975892;0.02634974199999998
2;72.08;0.195910347;0.222975892;0.027065544999999996
4;72.08;0.150570225;0.222975892;0.072405667
5;73.0;0.204599868;0.251876816;0.04727694800000001
1;73.0;0.194968885;0.251876816;0.056907930999999995
2;73.0;0.183130014;0.251876816;0.068746802
4;73.0;0.120029238;0.251876816;0.13184757800000002
1;73.56;0.20547;0.201370464;0.004099536000000015
2;73.56;0.214343221;0.201370464;0.012972757000000001
5;73.56;0.168195138;0.201370464;0.033175326000000005
4;73.56;0.150981694;0.201370464;0.05038877
4;74.96;0.130631609;0.132882179;0.0022505699999999795
2;74.96;0.127617493;0.132882179;0.005264685999999991
5;74.96;0.115325847;0.132882179;0.017556331999999994
1;74.96;0.113030608;0.132882179;0.019851570999999985
2;76.96;0.06003676;0.068746291;0.008709531
1;76.96;0.088454579;0.068746291;0.019708288000000004
4;76.96;0.091538243;0.068746291;0.022791952000000004
5;76.96;0.120756998;0.068746291;0.052010707
5;78.32;0.029373965;0.015172202;0.014201763
2;78.32;0.0441299;0.015172202;0.028957698
1;78.32;0.054763174;0.015172202;0.039590972
4;78.32;0.057711642;0.015172202;0.04253944
1;79.44;0.020410722;0.01612936;0.004281362
2;79.44;0.061442067;0.01612936;0.04531270700000001
5;79.44;0.061532434;0.01612936;0.045403074
4;79.44;0.086332314;0.01612936;0.070202954
4;79.92;0.105608562;0.137503946;0.031895383999999985
1;79.92;0.09842598;0.137503946;0.03907796599999999
5;79.92;0.090975138;0.137503946;0.04652880799999999
2;79.92;0.044382824;0.137503946;0.09312112199999999
2;80.68;0.136376803;0.210339103;0.07396230000000001
1;80.68;0.116136218;0.210339103;0.094202885
4;80.68;0.084210629;0.210339103;0.126128474
5;80.68;0.0460122;0.210339103;0.164326903
4;81.16;0.149430051;0.256946631;0.10751657999999997
2;81.16;0.131651502;0.256946631;0.12529512899999998
1;81.16;0.113555618;0.256946631;0.14339101299999998
5;81.16;0.043903501;0.256946631;0.21304312999999997
4;81.88;0.098620305;0.147977231;0.04935692599999998
1;81.88;0.094468134;0.147977231;0.05350909699999999
2;81.88;0.077437749;0.147977231;0.07053948199999999
5;81.88;0.05776342;0.147977231;0.09021381099999998
4;83.08;0.138020354;0.17557659;0.03755623599999999
5;83.08;0.223110959;0.17557659;0.04753436899999999
1;83.08;0.12563685;0.17557659;0.04993974000000001
2;83.08;0.079157105;0.17557659;0.096419485
5;83.72;0.231054394;0.248137447;0.017083053000000015
1;83.72;0.214643714;0.248137447;0.033493733
2;83.72;0.174053313;0.248137447;0.07408413400000002
4;83.72;0.165315158;0.248137447;0.08282228900000002
1;84.08;0.212888715;0.211236257;0.0016524579999999955
2;84.08;0.203188511;0.211236257;0.008047746000000022
5;84.08;0.173691315;0.211236257;0.037544942
4;84.08;0.155914764;0.211236257;0.055321493
2;85.4;0.162172977;0.160757254;0.0014157230000000076
5;85.4;0.173301345;0.160757254;0.012544091000000007
1;85.4;0.126216759;0.160757254;0.03454049499999998
4;85.4;0.117519365;0.160757254;0.04323788899999999
5;87.44;0.105356925;0.054687123;0.05066980200000001
4;87.44;0.116015287;0.054687123;0.061328164
2;87.44;0.119275666;0.054687123;0.064588543
1;87.44;0.131001534;0.054687123;0.076314411
4;88.16;0.049924519;0.001194767;0.048729752
5;88.16;0.052739204;0.001194767;0.051544437
1;88.16;0.080385357;0.001194767;0.07919059
2;88.16;0.094491104;0.001194767;0.09329633700000001
4;88.64;0.132608872;0.157477126;0.024868254000000006
1;88.64;0.125200534;0.157477126;0.03227659199999999
2;88.64;0.080942795;0.157477126;0.076534331
5;88.64;0.053359775;0.157477126;0.104117351
4;89.8;0.107593978;0.193990669;0.086396691
1;89.8;0.085934786;0.193990669;0.108055883
5;89.8;0.052207511;0.193990669;0.14178315800000002
2;89.8;0.040751341;0.193990669;0.153239328
4;90.2;0.072672209;0.119823047;0.047150838
1;90.2;0.069300072;0.119823047;0.050522975
2;90.2;0.037491666;0.119823047;0.08233138100000001
5;90.2;0.226504001;0.119823047;0.10668095400000001
5;90.92;0.257195823;0.232803383;0.024392439999999987
4;90.92;0.188269921;0.232803383;0.044533461999999996
1;90.92;0.153704889;0.232803383;0.07909849399999999
2;90.92;0.120946148;0.232803383;0.111857235
5;91.76;0.201378786;0.222787592;0.021408806000000002
1;91.76;0.190804219;0.222787592;0.03198337300000001
4;91.76;0.175483217;0.222787592;0.04730437500000001
2;91.76;0.159238417;0.222787592;0.06354917500000001
5;92.24;0.256398162;0.260072523;0.003674361000000015
2;92.24;0.220626574;0.260072523;0.03944594900000001
1;92.24;0.212932566;0.260072523;0.04713995700000001
4;92.24;0.178049082;0.260072523;0.082023441
4;92.84;0.183129129;0.181569163;0.001559965999999996
2;92.84;0.197945349;0.181569163;0.016376185999999987
1;92.84;0.207911907;0.181569163;0.026342744
5;92.84;0.212807947;0.181569163;0.03123878399999999
5;93.76;0.08776479;0.061274372;0.026490417999999995
2;93.76;0.111598838;0.061274372;0.050324466000000005
4;93.76;0.130729468;0.061274372;0.069455096
1;93.76;0.140154603;0.061274372;0.078880231
5;94.32;0.055609161;0.052911712;0.0026974489999999976
2;94.32;0.084423503;0.052911712;0.031511791
1;94.32;0.092375295;0.052911712;0.039463582999999997
4;94.32;0.094264743;0.052911712;0.041353031
2;94.92;0.163182328;0.194931897;0.031749569000000005
4;94.92;0.150024165;0.194931897;0.044907732000000006
1;94.92;0.095228964;0.194931897;0.099702933
5;94.92;0.079269757;0.194931897;0.11566214
4;96.16;0.09854314;0.097649036;0.0008941040000000067
1;96.16;0.10788891;0.097649036;0.01023987400000001
2;96.16;0.086562279;0.097649036;0.011086756999999989
5;96.16;0.196242622;0.097649036;0.09859358600000001
5;96.8;0.07024528;0.038829618;0.03141566199999999
2;96.8;0.074353496;0.038829618;0.035523878
1;96.8;0.094307198;0.038829618;0.05547757999999999
4;96.8;0.096126646;0.038829618;0.05729702799999999
5;97.84;0.023507403;0.011914156;0.011593247
4;97.84;0.053101391;0.011914156;0.041187234999999996
1;97.84;0.074607268;0.011914156;0.06269311200000001
2;97.84;0.111496428;0.011914156;0.099582272
5;100.12;0.044899686;0.031499565;0.013400121000000001
2;100.12;0.046073262;0.031499565;0.014573696999999997
4;100.12;0.072787595;0.031499565;0.041288029999999996
1;100.12;0.075308946;0.031499565;0.043809381
4;101.04;0.177613485;0.211885328;0.034271843000000024
1;101.04;0.139929262;0.211885328;0.07195606600000001
5;101.04;0.137013661;0.211885328;0.074871667
2;101.04;0.095373606;0.211885328;0.11651172200000001
4;101.52;0.207500418;0.238356642;0.030856224000000015
2;101.52;0.195899479;0.238356642;0.04245716300000002
5;101.52;0.284376755;0.238356642;0.046020112999999974
1;101.52;0.157003738;0.238356642;0.081352904
2;101.88;0.188614998;0.196009574;0.007394575999999986
1;101.88;0.171146506;0.196009574;0.024863067999999988
4;101.88;0.231780714;0.196009574;0.03577114000000001
5;101.88;0.262044726;0.196009574;0.06603515200000001
4;102.24;0.247469446;0.258788876;0.011319429999999991
5;102.24;0.234826735;0.258788876;0.023962140999999992
2;102.24;0.202156774;0.258788876;0.05663210199999999
1;102.24;0.195095141;0.258788876;0.063693735
5;102.72;0.207601736;0.22000799;0.012406253999999978
2;102.72;0.204314572;0.22000799;0.015693417999999987
4;102.72;0.193494231;0.22000799;0.026513758999999998
1;102.72;0.182126354;0.22000799;0.037881635999999996
5;103.8;0.154744385;0.142381668;0.012362717000000023
4;103.8;0.15679013;0.142381668;0.01440846200000001
1;103.8;0.173375272;0.142381668;0.030993604000000008
2;103.8;0.177425046;0.142381668;0.035043378000000014
5;104.4;0.049369919;0.07304869;0.023678771
2;104.4;0.103010922;0.07304869;0.029962232000000005
1;104.4;0.128264592;0.07304869;0.05521590200000001
4;104.4;0.15076702;0.07304869;0.07771833
2;105.32;0.059823306;0.067619704;0.007796398000000003
1;105.32;0.076046651;0.067619704;0.008426947000000004
4;105.32;0.043353081;0.067619704;0.024266623
5;105.32;0.02613492;0.067619704;0.041484784000000004
2;106.36;0.049451971;0.049451971;0.0
4;106.36;0.04133609;0.049451971;0.008115880999999998
1;106.36;0.032175353;0.049451971;0.017276618
5;106.36;0.026083226;0.049451971;0.023368744999999996
5;106.72;0.056863086;0.04007131;0.016791776
4;106.72;0.016163707;0.04007131;0.023907603
1;106.72;0.064445043;0.04007131;0.024373732999999995
2;106.72;0.117275199;0.04007131;0.077203889
2;107.12;0.093270105;0.082638142;0.010631963000000008
5;107.12;0.058363088;0.082638142;0.024275053999999997
4;107.12;0.12562046;0.082638142;0.04298231799999999
1;107.12;0.129754576;0.082638142;0.04711643400000001
1;107.64;0.106133115;0.104480258;0.0016528569999999937
5;107.64;0.088282637;0.104480258;0.01619762100000001
2;107.64;0.142920329;0.104480258;0.038440071000000006
4;107.64;0.163135195;0.104480258;0.058654937000000004
1;108.88;0.108366574;0.110952796;0.002586222000000013
5;108.88;0.120151142;0.110952796;0.009198345999999996
2;108.88;0.094564628;0.110952796;0.01638816800000001
4;108.88;0.093873081;0.110952796;0.01707971500000001
1;110.08;0.093500334;0.113331771;0.019831436999999993
4;110.08;0.08317606;0.113331771;0.030155711
5;110.08;0.153012027;0.113331771;0.039680256
2;110.08;0.066173436;0.113331771;0.047158334999999996
1;110.6;0.144160496;0.112981383;0.031179112999999994
4;110.6;0.168084624;0.112981383;0.05510324099999998
5;110.6;0.032186701;0.112981383;0.080794682
2;110.6;0.215893972;0.112981383;0.10291258899999998
5;111.24;0.162246948;0.158141751;0.004105197000000005
1;111.24;0.150677587;0.158141751;0.007464163999999995
4;111.24;0.113564839;0.158141751;0.044576911999999996
2;111.24;0.072054972;0.158141751;0.086086779
1;111.6;0.107945531;0.10567391;0.0022716210000000014
5;111.6;0.13573673;0.10567391;0.030062820000000004
4;111.6;0.05781249;0.10567391;0.047861419999999995
2;111.6;0.23903613;0.10567391;0.13336222000000003
1;112.44;0.116159307;0.12280274;0.00664343299999999
2;112.44;0.102006305;0.12280274;0.020796434999999988
5;112.44;0.070864939;0.12280274;0.05193780099999999
4;112.44;0.044385608;0.12280274;0.078417132
1;113.04;0.096771925;0.138170989;0.041399064
2;113.04;0.085194223;0.138170989;0.052976765999999995
4;113.04;0.201032059;0.138170989;0.06286107000000002
5;113.04;0.063651176;0.138170989;0.07451981299999999
1;113.96;0.184538362;0.086364903;0.098173459
2;113.96;0.212274705;0.086364903;0.12590980200000002
4;113.96;0.229757824;0.086364903;0.143392921
5;113.96;0.239833773;0.086364903;0.15346886999999998
5;114.4;0.182116233;0.166013355;0.016102877999999987
2;114.4;0.148269634;0.166013355;0.01774372099999999
4;114.4;0.145439807;0.166013355;0.020573547999999997
1;114.4;0.13182308;0.166013355;0.03419027499999999
1;114.8;0.09425;0.121430278;0.027180278000000002
2;114.8;0.174063925;0.121430278;0.052633647000000006
4;114.8;0.180205438;0.121430278;0.05877515999999999
5;114.8;0.181461084;0.121430278;0.06003080599999999
1;115.36;0.131836034;0.255489788;0.123653754
2;115.36;0.126412428;0.255489788;0.12907736
5;115.36;0.118162213;0.255489788;0.13732757499999998
4;115.36;0.093875256;0.255489788;0.16161453199999998
2;115.8;0.153579367;0.152021163;0.0015582040000000075
5;115.8;0.158084642;0.152021163;0.0060634790000000105
1;115.8;0.11817854;0.152021163;0.03384262299999999
4;115.8;0.059897467;0.152021163;0.09212369599999998
2;117.12;0.180132654;0.180349911;0.00021725699999999848
5;117.12;0.176215264;0.180349911;0.004134646999999991
1;117.12;0.149357074;0.180349911;0.030992836999999995
4;117.12;0.137444621;0.180349911;0.04290529000000001
4;118.08;0.104411431;0.100777468;0.003633963000000004
1;118.08;0.110714075;0.100777468;0.009936607
5;118.08;0.089110976;0.100777468;0.011666492
2;118.08;0.12057646;0.100777468;0.019798992
5;118.92;0.062195745;0.064909234;0.0027134889999999995
1;118.92;0.098689615;0.064909234;0.033780381
2;118.92;0.117303473;0.064909234;0.05239423900000001
4;118.92;0.13283602;0.064909234;0.067926786
2;120.0;0.122650904;0.116777762;0.005873142000000012
1;120.0;0.107927937;0.116777762;0.008849824999999992
4;120.0;0.071637292;0.116777762;0.04514046999999999
5;120.0;0.068705076;0.116777762;0.04807268599999999
2;120.68;0.12160591;0.10437344;0.01723247
1;120.68;0.086906788;0.10437344;0.017466652
5;120.68;0.081422528;0.10437344;0.022950912000000004
4;120.68;0.064821087;0.10437344;0.039552353
1;121.08;0.122968492;0.128251949;0.005283457000000005
2;121.08;0.099351019;0.128251949;0.028900930000000005
5;121.08;0.052963431;0.128251949;0.075288518
4;121.08;0.213761696;0.128251949;0.085509747
4;122.44;0.206455623;0.203500734;0.002954889000000016
2;122.44;0.163680897;0.203500734;0.039819837
1;122.44;0.148733552;0.203500734;0.054767182
5;122.44;0.143095735;0.203500734;0.06040499899999999
2;123.56;0.133042845;0.103922205;0.02912063999999999
4;123.56;0.133422765;0.103922205;0.029500559999999995
1;123.56;0.136291126;0.103922205;0.03236892100000001
5;123.56;0.138552615;0.103922205;0.034630409999999986
5;124.2;0.230506935;0.205651416;0.024855518999999993
2;124.2;0.233927959;0.205651416;0.028276542999999987
4;124.2;0.258928692;0.205651416;0.05327727600000001
1;124.2;0.147953652;0.205651416;0.05769776400000001
5;124.76;0.171321581;0.145916461;0.025405120000000003
1;124.76;0.182221622;0.145916461;0.036305161
4;124.76;0.18666455;0.145916461;0.040748089000000015
2;124.76;0.220362135;0.145916461;0.07444567399999999
5;125.24;0.162028295;0.155114485;0.0069138099999999925
1;125.24;0.141876377;0.155114485;0.013238107999999998
4;125.24;0.140191616;0.155114485;0.014922869000000005
2;125.24;0.135126131;0.155114485;0.019988353999999986
1;125.68;0.147462875;0.091473532;0.055989343
5;125.68;0.150400464;0.091473532;0.058926932000000015
2;125.68;0.171960769;0.091473532;0.08048723700000002
4;125.68;0.198758804;0.091473532;0.10728527200000001
4;127.08;0.05950836;0.045779529;0.013728831000000004
1;127.08;0.09464717;0.045779529;0.048867641
5;127.08;0.09808061;0.045779529;0.052301081
2;127.08;0.101827711;0.045779529;0.056048182
2;127.44;0.091172489;0.126645344;0.035472855
4;127.44;0.064794309;0.126645344;0.061851035
5;127.44;0.064794309;0.126645344;0.061851035
1;127.44;0.061520096;0.126645344;0.065125248
2;128.56;0.112948228;0.143556464;0.030608235999999997
1;128.56;0.093046682;0.143556464;0.05050978199999999
4;128.56;0.055377013;0.143556464;0.08817945099999999
5;128.56;0.055377013;0.143556464;0.08817945099999999
4;129.2;0.065030417;0.048726958;0.016303458999999992
2;129.2;0.065739669;0.048726958;0.017012711
5;129.2;0.013096136;0.048726958;0.035630822
1;129.2;0.120870257;0.048726958;0.072143299
2;129.88;0.107176426;0.1199168;0.012740373999999999
5;129.88;0.066468148;0.1199168;0.053448652
1;129.88;0.060572706;0.1199168;0.05934409400000001
4;129.88;0.1812751;0.1199168;0.06135829999999999
1;130.6;0.214835792;0.171705598;0.04313019400000001
5;130.6;0.219678365;0.171705598;0.047972767
2;130.6;0.223154295;0.171705598;0.051448697000000015
4;130.6;0.263969176;0.171705598;0.09226357800000004
5;131.16;0.202555422;0.207479483;0.00492406099999998
4;131.16;0.225278173;0.207479483;0.017798690000000006
2;131.16;0.226628179;0.207479483;0.01914869600000002
1;131.16;0.185976806;0.207479483;0.021502676999999998
5;131.76;0.103086803;0.102268166;0.0008186370000000109
1;131.76;0.12010389;0.102268166;0.01783572400000001
2;131.76;0.12653469;0.102268166;0.02426652400000001
4;131.76;0.032274001;0.102268166;0.069994165
4;132.56;0.05065971;0.038670483;0.011989226999999998
5;132.56;0.068969649;0.038670483;0.030299165999999995
1;132.56;0.097265262;0.038670483;0.05859477900000001
2;132.56;0.137498239;0.038670483;0.09882775599999999
5;133.08;0.22413179;0.208334566;0.015797224
4;133.08;0.167326038;0.208334566;0.04100852799999999
1;133.08;0.141093704;0.208334566;0.06724086200000001
2;133.08;0.106546966;0.208334566;0.10178759999999999
5;134.12;0.154885193;0.161440103;0.006554909999999997
2;134.12;0.130371142;0.161440103;0.031068961000000006
4;134.12;0.197687935;0.161440103;0.03624783200000001
1;134.12;0.080644707;0.161440103;0.080795396
2;134.84;0.14946316;0.149877779;0.0004146189999999772
1;134.84;0.138194514;0.149877779;0.011683264999999998
5;134.84;0.128695377;0.149877779;0.02118240199999999
4;134.84;0.104775259;0.149877779;0.04510251999999999
1;135.88;0.149649028;0.151310993;0.0016619650000000152
4;135.88;0.179587998;0.151310993;0.028277004999999994
2;135.88;0.096858428;0.151310993;0.05445256500000001
5;135.88;0.056199682;0.151310993;0.095111311
2;136.4;0.073352214;0.068800479;0.004551735000000001
4;136.4;0.061930542;0.068800479;0.006869937
5;136.4;0.044251249;0.068800479;0.02454923
1;136.4;0.094425231;0.068800479;0.025624752
5;136.8;0.05481788;0.047205005;0.007612874999999998
4;136.8;0.030827139;0.047205005;0.016377866
2;136.8;0.103628242;0.047205005;0.056423236999999994
1;136.8;0.109124356;0.047205005;0.061919351000000004
1;138.04;0.133296669;0.130337776;0.002958893000000018
2;138.04;0.137233637;0.130337776;0.006895861000000003
5;138.04;0.141449521;0.130337776;0.011111745000000006
4;138.04;0.086058061;0.130337776;0.04427971499999998
5;138.84;0.191781533;0.193222993;0.0014414600000000055
4;138.84;0.198728026;0.193222993;0.0055050329999999925
2;138.84;0.161036584;0.193222993;0.032186409
1;138.84;0.131454365;0.193222993;0.06176862800000002
5;139.76;0.145033892;0.146245143;0.0012112509999999965
1;139.76;0.132296898;0.146245143;0.013948244999999998
4;139.76;0.131379954;0.146245143;0.014865189000000001
2;139.76;0.165753314;0.146245143;0.01950817100000002
1;140.52;0.088035363;0.106547591;0.01851222799999999
5;140.52;0.133026576;0.106547591;0.02647898500000001
2;140.52;0.064859213;0.106547591;0.041688378
4;140.52;0.05539208;0.106547591;0.051155510999999994
5;141.52;0.21328059;0.211185037;0.002095553
1;141.52;0.18361604;0.211185037;0.027568996999999984
2;141.52;0.171215186;0.211185037;0.039969851
4;141.52;0.111309389;0.211185037;0.099875648
5;142.16;0.172902186;0.188604171;0.015701984999999974
1;142.16;0.166217469;0.188604171;0.02238670199999998
4;142.16;0.084809357;0.188604171;0.10379481399999999
2;142.16;0.052689622;0.188604171;0.135914549
4;143.32;0.136315376;0.144162703;0.007847327000000015
1;143.32;0.170637945;0.144162703;0.02647524200000001
5;143.32;0.174441567;0.144162703;0.03027886399999999
2;143.32;0.246946272;0.144162703;0.10278356899999999
1;144.28;0.077937971;0.063815666;0.014122305000000002
5;144.28;0.089945067;0.063815666;0.02612940100000001
4;144.28;0.110715496;0.063815666;0.04689983
2;144.28;0.134954419;0.063815666;0.071138753
4;145.32;0.06284726;0.064290765;0.0014435049999999977
1;145.32;0.087858785;0.064290765;0.023568019999999995
2;145.32;0.091965964;0.064290765;0.027675198999999998
5;145.32;0.096330607;0.064290765;0.032039842
4;146.52;0.115559028;0.063160785;0.052398243
5;146.52;0.1158241;0.063160785;0.052663315
1;146.52;0.120639068;0.063160785;0.057478283000000005
2;146.52;0.133441883;0.063160785;0.07028109800000001
2;147.16;0.057413743;0.038574451;0.018839292
4;147.16;0.078664698;0.038574451;0.040090247
5;147.16;0.084173515;0.038574451;0.045599064
1;147.16;0.092952992;0.038574451;0.054378540999999996
1;147.8;0.082259355;0.067002106;0.015257249
2;147.8;0.08761892;0.067002106;0.020616813999999997
4;147.8;0.106524118;0.067002106;0.039522011999999995
5;147.8;0.131524267;0.067002106;0.064522161
1;148.16;0.077089214;0.048336526;0.028752688000000005
4;148.16;0.106058015;0.048336526;0.05772148900000001
2;148.16;0.13054137;0.048336526;0.082204844
5;148.16;0.164247489;0.048336526;0.115910963
1;148.72;0.147164635;0.16669057;0.019525935000000022
4;148.72;0.133892019;0.16669057;0.03279855100000001
5;148.72;0.083406622;0.16669057;0.08328394800000001
2;148.72;0.040542007;0.16669057;0.12614856300000002
5;150.4;0.130901248;0.163083333;0.032182085
4;150.4;0.126848297;0.163083333;0.036235036
1;150.4;0.110926208;0.163083333;0.052157125
2;150.4;0.038219895;0.163083333;0.124863438
1;151.2;0.100927341;0.129045171;0.028117829999999983
5;151.2;0.081748949;0.129045171;0.047296221999999985
2;151.2;0.066225231;0.129045171;0.06281993999999999
4;151.2;0.05515617;0.129045171;0.07388900099999998
4;152.32;0.143459889;0.144377098;0.0009172090000000022
5;152.32;0.177246603;0.144377098;0.03286950499999999
1;152.32;0.17747898;0.144377098;0.033101882
2;152.32;0.231615369;0.144377098;0.08723827099999998
4;152.72;0.187105752;0.157867033;0.029238718999999996
1;152.72;0.192499513;0.157867033;0.03463248000000002
5;152.72;0.203086496;0.157867033;0.045219463000000015
2;152.72;0.203293507;0.157867033;0.04542647400000002
1;153.36;0.22204362;0.218275602;0.003768017999999984
2;153.36;0.22409889;0.218275602;0.005823287999999982
5;153.36;0.227977371;0.218275602;0.009701768999999999
4;153.36;0.144227214;0.218275602;0.07404838800000002
2;154.08;0.175412708;0.168116667;0.007296041000000003
4;154.08;0.157431949;0.168116667;0.01068471800000001
1;154.08;0.183426849;0.168116667;0.015310182000000006
5;154.08;0.18736873;0.168116667;0.019252063000000014
5;154.96;0.125594917;0.12465992;0.0009349970000000069
4;154.96;0.116327953;0.12465992;0.008331966999999996
1;154.96;0.151497347;0.12465992;0.02683742700000001
2;154.96;0.072804292;0.12465992;0.05185562799999999
5;155.48;0.170921298;0.119032869;0.051888429
4;155.48;0.178374585;0.119032869;0.059341716
1;155.48;0.200355176;0.119032869;0.081322307
2;155.48;0.205887637;0.119032869;0.08685476800000001
4;156.84;0.115959822;0.12170075;0.005740927999999992
1;156.84;0.129316998;0.12170075;0.007616247999999992
5;156.84;0.137423481;0.12170075;0.01572273099999999
2;156.84;0.165461633;0.12170075;0.043760883
2;159.56;0.109016231;0.107577481;0.0014387500000000025
4;159.56;0.104407946;0.107577481;0.003169535000000001
5;159.56;0.120692891;0.107577481;0.013115409999999994
1;159.56;0.088939143;0.107577481;0.018638338000000004
2;160.88;0.116994448;0.116409225;0.0005852229999999958
4;160.88;0.122089462;0.116409225;0.005680236999999991
5;160.88;0.10802515;0.116409225;0.008384075000000005
1;160.88;0.096867992;0.116409225;0.019541233000000005
2;161.68;0.195365363;0.182462368;0.012902994999999973
5;161.68;0.196706992;0.182462368;0.014244623999999984
1;161.68;0.209748212;0.182462368;0.027285843999999976
4;161.68;0.137087563;0.182462368;0.04537480500000002
5;163.36;0.116738468;0.117062739;0.000324271000000001
4;163.36;0.115388667;0.117062739;0.0016740719999999987
2;163.36;0.099213978;0.117062739;0.017848761000000005
1;163.36;0.140998788;0.117062739;0.023936049000000015
4;163.84;0.03653979;0.031087075;0.005452715000000004
5;163.84;0.04016135;0.031087075;0.009074275
1;163.84;0.058402489;0.031087075;0.027315414000000003
2;163.84;0.156956873;0.031087075;0.125869798
5;165.72;0.167246739;0.172537007;0.005290267999999987
4;165.72;0.150284597;0.172537007;0.02225241
2;165.72;0.141198239;0.172537007;0.03133876799999999
1;165.72;0.120683331;0.172537007;0.05185367599999999
2;166.12;0.136770794;0.135176967;0.0015938269999999921
4;166.12;0.090345517;0.135176967;0.04483145000000001
5;166.12;0.076377762;0.135176967;0.05879920500000001
1;166.12;0.040602494;0.135176967;0.094574473
1;166.92;0.124781371;0.119958391;0.0048229800000000045
2;166.92;0.137836463;0.119958391;0.017878071999999995
4;166.92;0.101420612;0.119958391;0.018537779000000004
5;166.92;0.085985555;0.119958391;0.03397283599999999
2;168.44;0.12844188;0.119658104;0.008783776000000007
1;168.44;0.137008913;0.119658104;0.01735080900000001
5;168.44;0.142235716;0.119658104;0.02257761200000001
4;168.44;0.149043145;0.119658104;0.029385040999999987
2;169.48;0.10298665;0.09238028;0.010606370000000004
5;169.48;0.073979559;0.09238028;0.018400720999999995
1;169.48;0.122693664;0.09238028;0.030313384
4;169.48;0.047946458;0.09238028;0.044433822
5;170.84;0.106522016;0.066328094;0.04019392199999999
1;170.84;0.110895225;0.066328094;0.044567130999999996
4;170.84;0.117407684;0.066328094;0.051079589999999994
2;170.84;0.127138987;0.066328094;0.060810893000000005
4;171.56;0.095285977;0.044255022;0.051030954999999996
1;171.56;0.137528687;0.044255022;0.093273665
5;171.56;0.140417766;0.044255022;0.096162744
2;171.56;0.146205214;0.044255022;0.101950192
4;172.56;0.088218365;0.07713553;0.011082835000000013
5;172.56;0.095470676;0.07713553;0.01833514600000001
1;172.56;0.127259617;0.07713553;0.050124087
2;172.56;0.136447243;0.07713553;0.059311713
5;174.44;0.169299495;0.1846329;0.015333404999999994
4;174.44;0.156480792;0.1846329;0.02815210799999998
1;174.44;0.112600855;0.1846329;0.07203204499999999
2;174.44;0.106409904;0.1846329;0.07822299599999999
1;175.36;0.166251412;0.176329711;0.010078299000000013
5;175.36;0.187635427;0.176329711;0.011305715999999993
4;175.36;0.189269845;0.176329711;0.012940133999999992
2;175.36;0.14823194;0.176329711;0.028097770999999994
2;177.36;0.131643249;0.123123678;0.00851957099999999
1;177.36;0.131739032;0.123123678;0.008615354000000006
5;177.36;0.109194105;0.123123678;0.013929573
4;177.36;0.142288624;0.123123678;0.019164946000000002
2;179.0;0.055577721;0.059255902;0.0036781810000000026
5;179.0;0.042002415;0.059255902;0.017253486999999998
4;179.0;0.080907489;0.059255902;0.021651587
1;179.0;0.126870215;0.059255902;0.06761431300000001
1;179.76;0.188898478;0.174212762;0.014685716000000015
5;179.76;0.193873665;0.174212762;0.019660903000000007
2;179.76;0.194089652;0.174212762;0.019876890000000008
4;179.76;0.050015579;0.174212762;0.12419718299999999
1;180.36;0.171267903;0.178831081;0.007563178000000004
2;180.36;0.148374339;0.178831081;0.03045674200000001
5;180.36;0.115042263;0.178831081;0.063788818
4;180.36;0.060713581;0.178831081;0.1181175
1;181.2;0.106186205;0.140236276;0.03405007099999999
4;181.2;0.099061998;0.140236276;0.041174277999999995
2;181.2;0.098061281;0.140236276;0.04217499499999999
5;181.2;0.077531447;0.140236276;0.06270482899999999
5;182.16;0.171207447;0.150331376;0.020876071000000024
1;182.16;0.188124221;0.150331376;0.03779284500000002
2;182.16;0.189888291;0.150331376;0.039556915
4;182.16;0.254389631;0.150331376;0.10405825500000002
5;182.8;0.117830527;0.051919456;0.065911071
2;182.8;0.125655411;0.051919456;0.07373595499999999
1;182.8;0.165157433;0.051919456;0.11323797699999999
4;182.8;0.191446998;0.051919456;0.139527542
1;183.52;0.168028694;0.171651384;0.003622689999999984
5;183.52;0.167347049;0.171651384;0.0043043349999999925
2;183.52;0.165793139;0.171651384;0.005858244999999984
4;183.52;0.119889433;0.171651384;0.05176195099999999
2;184.6;0.192460714;0.198786614;0.006325899999999995
5;184.6;0.160572375;0.198786614;0.03821423900000001
1;184.6;0.130700865;0.198786614;0.068085749
4;184.6;0.125799637;0.198786614;0.07298697700000001
2;185.36;0.139262812;0.146274429;0.007011616999999998
1;185.36;0.118945695;0.146274429;0.027328734000000007
5;185.36;0.090286747;0.146274429;0.05598768200000001
4;185.36;0.076710978;0.146274429;0.06956345100000001
5;186.28;0.175263945;0.143486495;0.03177745000000001
2;186.28;0.108759655;0.143486495;0.034726839999999995
4;186.28;0.209714508;0.143486495;0.066228013
1;186.28;0.226113737;0.143486495;0.08262724200000002
5;187.44;0.093125556;0.1068037;0.013678144000000003
2;187.44;0.086037463;0.1068037;0.020766237000000007
1;187.44;0.140375431;0.1068037;0.033571730999999994
4;187.44;0.141424141;0.1068037;0.034620441
4;188.44;0.060337882;0.05150466;0.008833222000000002
5;188.44;0.083098797;0.05150466;0.031594137
2;188.44;0.092918244;0.05150466;0.041413583999999996
1;188.44;0.100031245;0.05150466;0.048526585000000004
5;189.0;0.053885981;0.04494966;0.008936320999999997
4;189.0;0.066365658;0.04494966;0.02141599799999999
2;189.0;0.104374962;0.04494966;0.059425302
1;189.0;0.107775513;0.04494966;0.062825853
4;189.48;0.145497381;0.156287496;0.010790114999999989
2;189.48;0.138334902;0.156287496;0.01795259399999999
5;189.48;0.177377941;0.156287496;0.021090445000000013
1;189.48;0.13190544;0.156287496;0.024382055999999985
2;190.16;0.134900322;0.138976113;0.004075791000000023
1;190.16;0.145658999;0.138976113;0.006682885999999999
5;190.16;0.180518405;0.138976113;0.04154229199999998
4;190.16;0.195529845;0.138976113;0.056553731999999995
5;191.2;0.179934576;0.179427431;0.0005071450000000144
2;191.2;0.150503009;0.179427431;0.028924422000000005
1;191.2;0.111842961;0.179427431;0.06758447
4;191.2;0.099623227;0.179427431;0.079804204
2;192.32;0.170147675;0.165253771;0.0048939040000000045
5;192.32;0.192794819;0.165253771;0.027541048000000012
1;192.32;0.196020558;0.165253771;0.030766787000000018
4;192.32;0.060445835;0.165253771;0.10480793599999999
5;192.84;0.158508208;0.144357508;0.014150700000000016
2;192.84;0.165652399;0.144357508;0.02129489100000001
1;192.84;0.190581192;0.144357508;0.046223684000000015
4;192.84;0.267184601;0.144357508;0.12282709300000003
1;193.36;0.190192988;0.185907338;0.004285650000000002
5;193.36;0.209217512;0.185907338;0.02331017399999999
2;193.36;0.151379871;0.185907338;0.034527467000000006
4;193.36;0.22521694;0.185907338;0.039309602
4;194.0;0.200563233;0.202104407;0.0015411740000000063
5;194.0;0.19588703;0.202104407;0.006217377000000024
2;194.0;0.150375263;0.202104407;0.051729144000000005
1;194.0;0.14100686;0.202104407;0.061097547
5;194.52;0.217301395;0.208085543;0.009215851999999997
4;194.52;0.184775572;0.208085543;0.023309971000000013
1;194.52;0.18038195;0.208085543;0.027703593
2;194.52;0.170404257;0.208085543;0.03768128600000001
5;195.2;0.166744993;0.168969564;0.0022245709999999808
2;195.2;0.149324459;0.168969564;0.019645104999999996
1;195.2;0.197639892;0.168969564;0.028670328000000023
4;195.2;0.080997512;0.168969564;0.087972052
1;195.76;0.160973798;0.163076;0.0021022019999999975
5;195.76;0.146534152;0.163076;0.016541847999999998
2;195.76;0.103259537;0.163076;0.059816463
4;195.76;0.061145527;0.163076;0.101930473
2;196.48;0.102108368;0.100128197;0.001980171000000003
4;196.48;0.11238686;0.100128197;0.012258663000000003
1;196.48;0.135631382;0.100128197;0.03550318499999999
5;196.48;0.151804285;0.100128197;0.05167608800000001
2;197.8;0.129053936;0.119827796;0.009226140000000008
1;197.8;0.130117777;0.119827796;0.01028998099999999
4;197.8;0.135563181;0.119827796;0.015735385000000005
5;197.8;0.066943339;0.119827796;0.052884456999999996
2;198.56;0.090829129;0.123874783;0.03304565400000001
1;198.56;0.084052895;0.123874783;0.039821888
4;198.56;0.063684346;0.123874783;0.060190437
5;198.56;0.049273285;0.123874783;0.074601498
